protocol_type,service,flag,duration,src_bytes,dst_bytes,land,wrong_fragment,urgent,hot,num_failed_logins,logged_in,num_compromised,root_shell,su_attempted,num_root,num_file_creations,num_shells,num_access_files,num_outbound_cmds,is_host_login,is_guest_login,count,srv_count,serror_rate,srv_serror_rate,rerror_rate,srv_rerror_rate,same_srv_rate,diff_srv_rate,srv_diff_host_rate,dst_host_count,dst_host_srv_count,dst_host_same_srv_rate,dst_host_diff_srv_rate,dst_host_same_src_port_rate,dst_host_srv_diff_host_rate,dst_host_serror_rate,dst_host_srv_serror_rate,dst_host_rerror_rate,dst_host_srv_rerror_rate
tcp,private,S0,0,14319,25621,0,0,0,0,0,0,0,0,0,0,0,0,0,0,0,0,144,7,0.9962830372150464,0.005401328223401125,0.016458209310643603,0.04929882797903387,0.9529135739640364,0.9320746005734919,0.09267739220167276,5,217,0.9867116623876809,0.06304410716099888,0.058020879921118144,0.05123601981625782,0.08341447951236707,0.0038150250026428357,0.03621835153208186,0.08199493489466018
icmp,private,S0,2,27931,24860,0,0,0,0,0,0,0,0,0,0,0,0,0,0,0,0,415,3,0.9594877972080156,0.08286771499321216,0.0791184745337159,0.07132758176952479,0.9568189178770375,0.9761168482593489,0.008949455252959182,69,33,0.9838245700582889,0.025998282497641745,0.09013120641584686,0.08766708901147727,0.09739708112144801,0.05539521610280229,0.04764732944498939,0.06745837513491562
udp,private,S0,3,45026,27645,0,0,0,0,0,0,0,0,0,0,0,0,0,0,0,0,312,9,0.945868598459679,0.032670006614071316,0.033635109585329274,0.034370170852754636,0.9892666059592015,0.9181940238559502,0.03856713858791353,171,18,0.9113675385863813,0.08348854280346155,0.06034866989223192,0.010452995275661925,0.014255127572363658,0.06023008559104486,0.025329414525977624,0.011225355813553873
icmp,private,S0,0,32622,34957,0,0,0,0,0,0,0,0,0,0,0,0,0,0,0,0,368,8,0.8203441808100017,0.07728197778759505,0.03218123254175361,0.044017500955551125,0.9460550125351509,0.8977598090432474,0.09131003511284538,77,134,0.9028395409208044,0.05006937337956907,0.019445387621839585,0.0023316675500722585,0.08510774755180756,0.08111338772140976,0.013020040871150662,0.09096774981131936
udp,private,S0,0,39767,23584,0,0,0,0,0,0,0,0,0,0,0,0,0,0,0,0,376,4,0.9586773136332174,0.01749555142200938,0.0216829408250373,0.028185661964280708,0.940953649786019,0.9010131318919938,0.09421249578040351,62,26,0.9296255107255669,0.07387890765712912,0.0953942451403805,0.0008999078495119606,0.03212947051877992,0.011171410347059596,0.0026721991643776314,0.05242220686631315
tcp,private,S0,3,42840,11615,0,0,0,0,0,0,0,0,0,0,0,0,0,0,0,0,314,4,0.895757466715225,0.03406600955609337,0.09190409210697081,0.038787432923046254,0.9018329603833048,0.9291522609545965,0.09946845444456884,56,194,0.9767843649470263,0.0410998402349984,0.08882961163384284,0.05056628685037887,0.0868937907807049,0.035570912877277774,0.009508514509819765,0.00865372080365977
udp,private,S0,0,24318,10644,0,0,0,0,0,0,0,0,0,0,0,0,0,0,0,0,495,10,0.9381851984229819,0.060950805219307284,0.0038549113869638107,0.0035778512845014102,0.987953505432609,0.8756789765336139,0.040475451629714915,96,154,0.9735062627744692,0.08193896072337684,0.03220860166650524,0.03830439720041565,0.05648769205520964,0.03575780198079497,0.05377072397513242,8.474681356720471e-05
icmp,private,S0,3,21358,48475,0,0,0,0,0,0,0,0,0,0,0,0,0,0,0,0,500,3,0.9916559930667378,0.046743191826841814,0.09783318777613388,0.005492240384125247,0.9838624583933336,0.9985966616075139,0.01775703050150661,174,69,0.9452069392454583,0.09436558193920941,0.009845365464343803,0.05825440079663202,0.09421173222003906,0.09792901468716464,0.0918330863744071,0.09749264438197011
icmp,private,S0,0,48853,35869,0,0,0,1,0,0,0,0,0,0,0,0,0,0,0,0,453,1,0.9040064825419284,0.021112707877422032,0.010136277895512014,0.06406297397786921,0.9354690533710937,0.8346246283357108,0.08779931840991559,34,0,0.9929415328351228,0.0035918617579112078,0.0857928344731424,0.06889579513439527,0.042391649176239166,0.08898608636409085,0.03939191211474974,0.005971136849930137
tcp,private,S0,8,37410,34598,0,0,0,0,0,0,0,0,0,0,0,0,0,0,0,0,116,8,0.9484306646882876,0.07221276064373626,0.08341655250595315,0.008616254013370584,0.906662161263261,0.8588810412248906,0.05517593740078054,94,251,0.9873980105636353,0.04715883001297704,0.051969313546262164,0.06031012806226077,0.04302396073629287,0.015183376449456921,0.022816851658875315,0.0021701620432625136
tcp,private,S0,0,41970,30282,0,0,0,0,0,0,0,0,0,0,0,0,0,0,0,0,460,5,0.8562026723347265,0.014147145001578078,0.05610236993609866,0.00015470636650990468,0.9772572540078852,0.9134418372682077,0.04689071448104473,56,248,0.9695276867232258,0.022367690357678795,0.05734984147663377,0.07856316857385082,0.048934439719342665,0.03481874598274459,0.06601571160086044,0.09609326701545316
udp,private,S0,0,47260,29262,0,0,0,0,0,0,0,0,0,0,0,0,0,0,0,0,482,5,0.9212057473023247,0.04374693160809223,0.060930172914687136,0.07716768739975309,0.9546810692652407,0.8061284995100237,0.05448474126640658,196,58,0.9745895540501891,0.09606306655197763,0.09579315900820523,0.05062277156603034,0.04184937743860943,0.0040156902215659155,0.06925481477394943,0.0788980867583519
udp,private,S0,0,26982,15618,0,0,0,0,0,0,0,0,0,0,0,0,0,0,0,0,445,2,0.9678475203949338,0.007961762023556819,0.059431305249429744,0.08509234453711043,0.9351533683011266,0.8822934094368211,0.0474858925732506,74,25,0.9609516834803031,0.050289495040005516,0.01206077224940163,0.03615880732738571,0.015875813766963287,0.015801115197733407,0.08219498028519723,0.02056335651895952
udp,private,S0,0,11590,49297,0,0,0,0,0,0,0,0,0,0,0,0,0,0,0,0,179,5,0.9004327290592874,0.05701328634111147,0.052466398461374866,0.06479747042070236,0.9722983829453212,0.9761563507644156,0.07081025663696304,54,50,0.9492852309734838,0.06814357201888045,0.030618347031840378,0.011476908491581074,0.00966514812353745,0.017518260446341128,0.014068816373655214,0.0784204594175881
icmp,private,S0,1,19876,39474,0,0,0,0,0,0,0,0,0,0,0,0,0,0,0,0,427,1,0.9723322499763738,0.018424355836056883,0.02581893378422473,0.028345282128158247,0.9051017219692242,0.9668833076492128,0.01960440978196705,175,73,0.9821385126189929,0.05579238712856486,0.041279256261365006,0.07792436630942103,0.07531067751562494,0.0406817896504466,0.061420090984992376,0.047580773342622486
udp,private,S0,0,13554,39070,0,0,0,0,0,0,0,0,0,0,0,0,0,0,0,0,429,6,0.8880284223272957,0.028266359187694837,0.044322352824140335,0.01828635425147315,0.9641817043353604,0.8076129478715803,0.07690947600630693,208,83,0.9284594435662173,0.04560754278114795,0.003457520481147558,0.07522470079107546,0.03076471146605311,0.03421187414597578,0.09781504908968386,0.05072865839131997
tcp,private,S0,0,31716,34058,0,0,0,0,0,1,0,0,0,0,0,0,0,0,0,0,286,2,0.8165285197440214,0.0650326754148162,0.08469633453667963,0.006201169972775922,0.9123924261916825,0.823870574055104,0.009764590473723356,139,203,0.9063600892863382,0.06667488756885555,0.0312595982782316,0.0012510542899825672,0.030856314366446216,0.05489877373020596,0.022381651689156835,0.01707319073467045
udp,private,S0,0,10408,30893,0,0,0,0,0,0,0,0,0,0,0,0,0,0,0,0,492,5,0.9796974627523124,0.061064624101063995,0.07186849595915336,0.060375935171025824,0.968508846036843,0.97912890537575,0.08557214420898629,16,173,0.9980081286081144,0.052080204086779935,0.0704034556826129,0.05383056011825186,0.007263856573447758,0.05022162643081321,0.022976049005480483,0.07256654139428483
icmp,private,S0,0,34884,34798,0,0,0,0,0,0,0,0,0,0,0,0,0,0,0,0,468,5,0.9014543204711976,0.0968173280259237,0.0952163692415931,0.049524144037196384,0.9526290010389045,0.8189147716434774,0.037692738268986684,157,57,0.9348544371645573,0.02616057855517743,0.08961647273565201,0.09607704523977376,0.04771508624205787,0.002922754792102256,0.0924685675444634,0.07674688401383566
tcp,private,S0,3,47656,25351,0,0,0,0,0,1,0,0,0,0,0,0,0,0,0,0,262,6,0.8992589414497218,0.06816411765231295,0.053154077494962974,0.06553319568224045,0.9489298616784174,0.8633226853407757,0.05275263457977558,237,231,0.9247970827452489,0.09933905186804547,0.052371707567720076,0.05029905426438691,0.08414249629772046,0.0746020116697913,0.05038526797042299,0.049824837714110705
udp,private,S0,0,11088,10109,0,0,0,0,0,0,0,0,0,0,0,0,0,0,0,0,251,5,0.83861256731754,0.058933858145883124,0.08536054849133692,0.014529952082209597,0.9577016902442514,0.8541050548104477,0.09758125687809528,171,168,0.9517247243645047,0.08668744035054005,0.08514362250711542,0.03855556873106512,0.061293835730798454,0.019653743043248885,0.059648533494288516,0.030948064938377276
icmp,private,S0,2,40547,26332,0,0,0,0,0,0,0,0,0,0,0,0,0,0,0,0,163,6,0.9250169051707949,0.033894816716756586,0.07180886011173794,0.05210211915450983,0.927141573818787,0.9196020188777798,0.046507539753858324,108,71,0.9642529198138109,0.052380884505087114,0.010045123243347488,0.022725142227910125,0.018710010049592895,0.08128351730038896,0.03469782306700862,0.007223918226861282
icmp,private,S0,1,42423,33134,0,0,0,0,0,0,0,0,0,0,0,0,0,0,0,0,277,5,0.8611697559092885,0.02675516462279568,0.07060698854678117,0.03548549759649611,0.9484336165176693,0.9399583510301787,0.017891025325122944,208,163,0.9183232624020814,0.04486913565907472,0.05332944561985136,0.09482130712556766,0.00284663422883219,0.035057253384309886,0.0404681258263907,0.04804592192698779
tcp,private,S0,0,38224,36225,0,0,0,0,0,0,0,0,0,0,0,0,0,0,0,0,160,6,0.8688474309795777,0.012969701508093701,0.07317649582932848,0.021989678650235756,0.9004257802412461,0.8944814325738102,0.0039513389076905716,233,133,0.9458107661877032,0.06090082611253339,0.0714238172567343,0.01455197625376501,0.07584463560780036,0.08718202516009826,0.06267002982811869,0.08521205508658485
icmp,private,S0,0,37375,41877,0,0,0,0,0,0,0,0,0,0,0,0,0,0,0,0,201,5,0.8057809201316628,0.08940905222100318,0.0232014953794477,0.05256499798681814,0.9437214209815754,0.8082494237989604,0.016058651194845064,106,199,0.9835153321241024,0.07564057791153245,0.006413485292307664,0.07254930960691718,0.0753095523232201,0.07931018895470157,0.09468024161515878,0.0711307458918979
udp,eco_d,S0,0,94,101,0,0,0,0,0,0,0,0,0,0,0,0,0,0,0,0,3,2,0.03811556449025433,0.05510455322963825,0.06395871790851089,0.0630364735905959,0.9061457464405505,0.019521486692135027,0.08878545915071645,109,0,0.947398174772993,0.011854131459831375,0.05987550654435175,0.07825430398292241,0.03657222612325436,0.02264137471348159,0.06707098117211079,0.08040466820158061
tcp,domain_u,SF,0,13,157,0,0,0,0,0,0,0,0,0,0,0,0,0,0,0,0,5,5,0.05784453343529124,9.227008677961113e-05,0.05806744327361514,0.020675318664191356,0.9025537654869403,0.03138635461556682,0.07311342062324273,100,24,0.9622629827051811,0.03667004199724738,0.07356763930696862,0.045784314353117875,0.02864107825528376,0.04353852856430145,0.08151158753221088,0.08606328133986799
udp,ftp_data,RSTR,2,240,0,0,0,0,0,0,0,0,0,0,0,0,0,0,0,0,0,8,6,0.042529933035655214,0.017618723986912454,0.053297139529631714,0.05595703917200754,0.9932086104286959,0.022401109607006843,0.057985891187342355,231,251,0.9605447677786221,0.06285382763599157,0.04975292189459161,0.01648240538119411,0.05346385340789465,0.020185243385940355,0.00043311647429044036,0.08628346332637828
icmp,ftp_data,SF,1,0,20,0,0,0,0,0,0,0,0,0,0,0,0,0,0,0,0,11,7,0.0403322210527009,0.06565250186152509,0.022833448733877805,0.023707638254909402,0.9434310402624477,0.07533604421722159,0.030796151007099183,90,116,0.9664162573698055,0.07085978576197487,0.0062999552752812,0.024100222975415444,0.08130586005541494,0.05906468614081056,0.07605958332527828,0.05131331796515311
udp,other,SF,1,9,324,0,0,0,0,0,0,0,0,0,0,0,0,0,0,0,0,4,3,0.025621666865523186,0.0065696064087672375,0.09837313260965184,0.01059657941274822,0.9904611444870267,0.0017130019880198467,0.01964175711014874,119,89,0.9127590965834405,0.0682350161976711,0.02483361615088421,0.08684395575616727,0.028065224709133908,0.0796117200142725,0.06338814502217209,0.05374403844472847
udp,domain_u,RSTR,0,32,358,0,0,0,1,0,0,0,0,0,0,0,0,0,0,0,0,8,3,0.09401186721181987,0.049511048312860434,0.06710268920524322,0.04574896100770878,0.958527994866652,0.0610383869400695,0.04158992082397678,50,112,0.9514443905493205,0.03105237805517256,0.004300827693422815,0.07809572070638247,0.042722024179810414,0.056629158596156616,0.0643371356164971,0.08373048955587788
icmp,private,SF,0,36,151,0,0,0,0,0,0,0,0,0,0,0,0,0,0,0,0,7,2,0.0646866700156109,0.09184508760931014,0.037812095260904836,0.045884721305656295,0.9768788145214878,0.09753726726149724,0.0010304738584591467,55,8,0.9055551415415757,0.05292547041261565,0.06791409081335363,0.09305977711272471,0.06647974089523344,0.09951183485789593,0.029776389204183674,0.036745518519826326
udp,other,REJ,2,84,220,0,0,0,0,0,0,0,0,0,0,0,0,0,0,0,0,1,6,0.024198572600091783,0.02772549951253661,0.06400304481189335,0.02714156429736252,0.9759311184063472,0.021974948264760354,0.09898332906468071,130,184,0.9571930420653487,0.07799143559335654,0.09179952234702055,0.037555708839429415,0.0892322611464067,0.05202259806084641,0.039641804094748115,0.04576740457421522
icmp,eco_i,SF,0,118,9,0,0,0,0,0,0,0,0,0,0,0,0,0,0,0,0,7,5,0.06364365811606237,0.08861761594608683,0.015057042824562406,0.033839744074402836,0.9764665645786716,0.057655478445568065,0.02348072987294535,7,225,0.9421994513230403,0.004773275176976544,0.011636422450513995,0.06321504205616783,0.09145903081246837,0.0902659933856433,0.04576258627124931,0.0628114270442353
tcp,eco_i,S0,1,150,641,0,0,0,0,0,0,0,0,0,0,0,0,0,0,0,0,7,7,0.07144825828875226,0.07134394915380678,0.08563322765898206,0.049528765947511294,0.9555131195639612,0.005538158745869316,0.04112502568361753,206,153,0.9672381071083133,0.06791794019357975,0.04404830037656132,0.002705085939838337,0.0943758579449211,0.07565755562906169,0.028126679139762113,0.02462521148498862
udp,domain_u,SF,1,62,271,0,0,0,1,0,0,0,0,0,0,0,0,0,0,0,0,3,6,0.00567841477780311,0.09569020648247736,0.08181196028967788,0.01294615176407017,0.9688496654390204,0.020931642539416373,0.07535590437844099,73,122,0.9789589370097894,0.07517263573775612,0.00730872973135599,0.0933743646409459,0.08910387641186152,0.04734658181664469,0.06300788135344926,0.05133048393323604
udp,private,RSTR,0,55,15,0,0,0,0,0,0,0,0,0,0,0,0,0,0,0,0,8,5,0.04078812030150452,0.07733378687013524,0.09536395970443047,0.041355210847053764,0.9970516169670858,0.09163857977706236,0.07153012898993703,29,31,0.9888009890171896,0.07297134928657777,0.09742041922522386,0.06147993550558224,0.07014971540977187,0.08325355992738491,0.002646385716859401,0.021083929578152805
icmp,eco_i,S0,2,66,77,0,0,0,1,0,0,0,0,0,0,0,0,0,0,0,0,2,6,0.09460842941961237,0.08123724144564226,0.01479256442743625,0.09110382692113317,0.9180282112023791,0.08116095513069832,0.0781901055695157,238,126,0.9894059591455324,0.016540366516074434,0.020471736981309187,0.0016074976045545198,0.00039621949983963405,0.05941190991853194,0.09461931518695474,0.02376172903788597
tcp,eco_d,REJ,0,158,363,0,0,0,0,0,0,0,0,0,0,0,0,0,0,0,0,3,9,0.09926127415127751,0.028691050347636693,0.028092319283877933,0.07844450816434974,0.9366596513176579,0.03274269725106648,0.017919410906504698,121,84,0.9296118495810942,0.0032805880293053425,0.02216834712075544,0.04947994105638862,0.04834521731263017,0.03352495959545476,0.013960187235583833,0.06555449635128657
tcp,eco_i,SH,0,63,168,0,0,0,0,0,1,0,0,0,0,0,0,0,0,0,0,4,5,0.010861258560687204,0.030741118608151242,0.06661840990388962,0.012937497923160747,0.9777868046982066,0.007282054704606123,0.003124216859186957,249,243,0.9007632266145956,0.07818418931934683,0.07929379097016517,0.06131727149112053,0.05890981671256573,0.07620785561151566,0.0828830462883069,0.09358286759684971
udp,eco_i,RSTR,0,30,290,0,0,0,0,0,0,0,0,0,0,0,0,0,0,0,0,4,4,0.04557197800054089,0.05906184430414551,0.0731818746847811,0.013567802294347299,0.9930269152058715,0.08488396255218816,0.04608093492923898,71,19,0.9459207573349699,0.004365449979141545,0.039630951586094545,0.07744645449571569,0.043637046292166796,0.06271305276845643,0.09452955624818116,0.005038926380806119
udp,domain_u,S0,0,53,9,0,0,0,0,0,1,0,0,0,0,0,0,0,0,0,0,5,6,0.009086828584255958,0.013071974378203167,0.014890781323927162,0.07612395868653739,0.9676535243738724,0.04976729192766412,0.040173991923029485,128,177,0.9022152808972224,0.08863173271310903,0.07818209078445132,0.03878691443551874,0.000792599635637592,0.003664163334718218,0.07207968373341787,0.036354084501696464
udp,http,RSTR,0,92,37,0,0,0,0,0,0,0,0,0,0,0,0,0,0,0,0,4,7,0.08503602701757944,0.059816778721495184,0.0014477629817231886,0.01108257961592919,0.9872939402005045,0.021930676062265553,0.004501275927821857,247,79,0.9921416380576344,0.03498465838096939,0.0398663799500642,0.022953794204607414,0.08229725265079912,0.08652947295657391,0.08728081751369371,0.07971839866626701
udp,eco_d,S0,1,1,5,0,0,0,0,0,0,0,0,0,0,0,0,0,0,0,0,4,2,0.07070330985668434,0.061705414850683905,0.038978004443047554,0.05153373967535468,0.9120075983825645,0.09942217772699533,0.04672549068014237,123,250,0.9466386188691854,0.0982458654742716,0.06668493318744283,0.09787960213963852,0.09443550395151351,0.03288707297991005,0.05238035949052189,0.02973061361668934
icmp,ftp_data,S0,0,38,255,0,0,0,0,0,0,0,0,0,0,0,0,0,0,0,0,8,1,0.09600254239429983,0.07923113915455435,0.0780397172134313,0.07586030406596572,0.9780854279376996,0.006981841821537993,0.09020771198629028,175,166,0.9865822960156551,0.037582044440452135,0.018109098059045238,0.018948225324447135,0.008057350666494012,0.03657203977244155,0.061241237889191884,0.0479426890067913
icmp,http,S0,0,32,40,0,0,0,1,0,0,0,0,0,0,0,0,0,0,0,0,3,5,0.09880620753321416,0.07006032341730131,0.025875832296848235,0.062406157977467305,0.9795401886396319,0.023841827058457443,0.06709391172560959,152,14,0.9197504343657746,0.0216246645103511,0.05144307843654416,0.014876205065870729,0.0613890527667194,0.017051169049277705,0.044211918982325994,0.092985071475218
tcp,ftp_data,SH,0,49,460,0,0,0,0,0,0,0,0,0,0,0,0,0,0,0,0,6,7,0.07552354053630134,0.027250982223066957,0.014296539068887549,0.09974405570097251,0.9681241337390715,0.025724807391291883,0.014009809317447431,23,26,0.953281358325402,0.0862149385010956,0.027009608717530123,0.025835581731946156,0.09120845033777755,0.096096173284966,0.01736771712773936,0.05634291139045072
icmp,http,SF,0,33,31,0,0,0,0,0,0,0,0,0,0,0,0,0,0,0,0,3,5,0.06341556214126488,0.09662222054543318,0.03893471664673015,0.08366335425992569,0.915249963752982,0.052938062234319884,0.03066353244797575,24,171,0.9583816801674481,0.04361869811275552,0.035115984907677256,0.09002369365480507,0.025167209834215644,0.03349016361915871,0.01679064853387413,0.09579712398964933
tcp,ftp_data,RSTR,2,232,408,0,0,0,0,0,1,0,0,0,0,0,0,0,0,0,0,8,4,0.06303302875171943,0.03048339277229757,0.002274051096369201,0.09158680181243661,0.9440528113341194,0.032931229821527866,0.03151440117811666,57,166,0.9781293204736645,0.0029706084705876656,0.016517256291614425,0.05803964366663499,0.017936885111819678,0.08335748562820822,0.020803711792872406,0.08658160922059331
tcp,domain_u,SF,0,77,308,0,0,0,0,0,0,0,0,0,0,0,0,0,0,0,0,3,7,0.000671870785340778,0.0321671102422388,0.01314587031851563,0.05405529150608819,0.9795392037872053,0.044158785296729834,0.09742794177619585,15,155,0.9947697890496042,0.09864022381036111,0.027371637624052148,0.02589674180166437,0.045347939284149576,0.09121944864273301,0.05433454779407937,0.008321088614162631
icmp,domain_u,S0,1,57,357,0,0,0,0,0,0,0,0,0,0,0,0,0,0,0,0,3,7,0.06788573294462234,0.02434392231457363,0.06891653221907862,0.08004803178045622,0.9288271258330933,0.046269987548144126,0.00531546125545861,52,233,0.9146566816580392,0.06091357086836261,0.04914010168939888,0.0260523333902863,0.07366842931489959,0.02475087358361766,0.06090305900486447,0.052491923757867015
tcp,http,RSTR,0,199,133,0,0,0,0,0,0,0,0,0,0,0,0,0,0,0,0,5,1,0.07337049883125644,0.035753553760680845,0.084869768604176,0.008608426655530377,0.9358305263632509,0.050609905202260434,0.042463590967633746,53,249,0.9234708160119734,0.0845429890167398,0.050236827768409126,0.007427818637298078,0.011948277235897965,0.0054178842767387825,0.07112740098707009,0.0558459350168338
udp,other,SH,0,386,236,0,0,0,0,0,0,0,0,0,0,0,0,0,0,0,0,6,8,0.06301040170517633,0.04784729724320561,0.04517113655834146,0.06971496446645455,0.9789225441048852,0.026446316693570948,0.0453062604273666,244,129,0.9600352524837112,0.009253948891386633,0.07840000477364782,0.004656400729602117,0.09683276622790529,0.04648892557364426,0.049728130788669556,0.05890293820674108
udp,eco_d,S0,1,96,0,0,0,0,0,0,0,0,0,0,0,0,0,0,0,0,0,5,6,0.04717431372922918,0.07376180043300054,0.01718534697486005,0.07200310288729271,0.9572504201427109,0.07765656502929288,0.03952501254119689,112,174,0.9577225175013111,0.02300941485491599,0.07290256566261825,0.04760761550460749,0.09247601105675633,0.0006929872505169522,0.0919667988849312,0.01896538401980984
icmp,domain_u,SF,0,0,101,0,0,0,0,0,0,0,0,0,0,0,0,0,0,0,0,5,4,0.0778559546617866,0.03134909523146068,0.03348454291941851,0.02144031190774555,0.9763143248182022,0.056036597117850966,0.06396661128724036,241,31,0.9384355983101387,0.036100609611133004,0.01033969969532228,0.045908229048086314,0.023009934049072436,0.04933510376214222,0.036079411001538844,0.03922489527183326
tcp,private,SF,0,395,342,0,0,0,0,0,0,0,0,0,0,0,0,0,0,0,0,5,3,0.0639096444694756,0.021234364110592086,0.06637148270468342,0.021176033098743788,0.9474190149511609,0.053256943322159016,0.0831757437912947,185,79,0.9091679962888332,0.06656153639480407,0.012087277973392008,0.07003018367255893,0.0275010359318708,0.08936366408991851,0.008854658027094054,0.021080022004350187
icmp,other,REJ,1,9,152,0,0,0,0,0,0,0,0,0,0,0,0,0,0,0,0,5,7,0.0997763057537231,0.07436663990410185,0.013357812561291116,0.02616633951701952,0.9982094788617177,0.040885360701728074,0.05160047943685078,57,203,0.931916339166661,0.06684778056775566,0.08671117457329747,0.059254426589328724,0.07294525273642219,0.0036584614039812838,0.04117328748605074,0.0542869782046147
udp,private,REJ,0,70,581,0,0,0,0,0,0,0,0,0,0,0,0,0,0,0,0,1,4,0.0724122385745317,0.023829770540555573,0.018093792524063335,0.0990184169223553,0.992530791295989,0.004382936881812694,0.0665624018494189,76,189,0.910023952904573,0.009779782186137231,0.08094124276197971,0.008752085311869707,0.03371614961649656,0.023845957846968704,0.09923331880198334,0.048819977534539497
icmp,private,REJ,2,58,119,0,0,0,0,0,0,0,0,0,0,0,0,0,0,0,0,3,6,0.021938170952710768,0.0932256900649821,0.04534235883745161,0.0006635445911305605,0.9158978506483807,0.08982774866352707,0.04524840969446184,222,64,0.9755205079378788,0.023847906050190548,0.017379474560846844,0.03265126913741319,0.03569231403087053,0.04976607805341471,0.041509645982538625,0.00776576475798565
icmp,eco_d,S0,0,68,267,0,0,0,0,0,0,0,0,0,0,0,0,0,0,0,0,6,7,0.06352728354256261,0.006334200360025022,0.00476025884555239,0.08926518785414297,0.9142799072325573,0.09815906991570482,0.09652465778133296,146,233,0.9430408107677813,0.05142914706683943,0.0032859947737811646,0.00775154909336202,0.00976385828460339,0.06538635438739306,0.09985475543754779,0.09792016471790801
tcp,eco_i,SH,0,37,285,0,0,0,0,0,0,0,0,0,0,0,0,0,0,0,0,6,3,0.0697356404702278,0.028861693872890105,0.043590236462376676,0.016424306212962102,0.9818484597904167,0.04672405761242507,0.07794024539369017,250,147,0.9935943266457581,0.0938251271082451,0.09475490788560999,0.054667855459537174,0.07913938723691175,0.04875009834434844,0.057783124583431635,0.05813879053066123
icmp,private,REJ,0,51,153,0,0,0,0,0,0,0,0,0,0,0,0,0,0,0,0,3,4,0.02440615337910206,0.010632944380798504,0.08138058214740192,0.09631928983605685,0.9275535571293881,0.05267200900005973,0.09098599046683889,246,80,0.9565234005596766,0.06753663385706059,0.02795084049031408,0.052655787823365635,0.06457496247587509,0.08413037947452812,0.03358214077738438,0.08416135035738437
icmp,eco_d,RSTR,1,80,86,0,0,0,0,0,1,0,0,0,0,0,0,0,0,0,0,5,6,0.06039106367179031,0.09185867535433574,0.04915816204396091,0.08177366907423185,0.9523013641365651,0.052552077650458155,0.09308043412834495,14,12,0.9120519926829728,0.07119842141256125,0.04063388616666605,0.006467205171196522,0.04920211845041237,0.0861562680122,0.07616511752754726,0.05856583134440599
icmp,eco_d,SH,3,117,187,0,0,0,1,0,1,0,0,0,0,0,0,0,0,0,0,4,5,0.057780181306446,0.08149377354406674,0.013089457292080409,0.054099858243436175,0.9339843983888418,0.023029114766694104,0.046621938308966784,252,96,0.9006100593121038,0.031559102875086696,0.007029606000622024,0.08384543109662701,0.00572143290737156,0.013805860482598131,0.06942230932281063,0.03354727740338264
udp,eco_d,SF,0,75,683,0,0,0,0,0,0,0,0,0,0,0,0,0,0,0,0,4,6,0.005998551662224794,0.036322865142451914,0.07637516990196229,0.06887892756282009,0.9646349998393784,0.035291115642717565,0.06988539814640574,45,161,0.9775334109426435,0.04023848238435354,0.07303320440365964,0.08196642640430078,0.03628911033715828,0.04580522309267178,0.07606836539286081,0.0742009532386934
tcp,ftp_data,S0,1,17,24,0,0,0,0,0,0,0,0,0,0,0,0,0,0,0,0,5,2,0.0867078090239468,0.06586152358055959,0.07703187530347533,0.04178130037828801,0.9057877080884772,0.07535280614646954,0.06059075920044114,130,156,0.9583412856437409,0.07747601748248213,0.05114333389812201,0.0384908154905455,0.04948859399059932,0.08914968832014558,0.08883802019569975,0.08509699290829015
tcp,private,SH,1,10,46,0,0,0,0,0,0,0,0,0,0,0,0,0,0,0,0,6,8,0.007656572770291037,0.05586657124216304,0.06372372925051045,0.012784253952828662,0.9504500197744928,0.046521138602746086,0.08145537023418731,232,193,0.9013502640127857,0.052758135606328554,0.09045670337628695,0.07070764919816944,0.011846194886528784,0.05682736919843165,0.07021679487454209,0.0706908698704936
icmp,http,S0,3,3,104,0,0,0,0,0,0,0,0,0,0,0,0,0,0,0,0,4,6,0.02400772863472901,0.055769611674587154,0.08091131502581349,0.04885088657104926,0.9886798609024624,0.09604899836891223,0.04788620798849781,47,99,0.9590619784691499,0.09083210960758865,0.039932224926237964,0.03654911692262704,0.05231432989454626,0.01248833660317319,0.0017622458111884011,0.09451126080194285
icmp,private,SF,1,383,91,0,0,0,0,0,0,0,0,0,0,0,0,0,0,0,0,5,7,0.004331783934853195,0.044180799170545126,0.02924495815755155,0.026212345992205635,0.9676732006741267,0.09624358802340369,0.027972874643951776,190,0,0.9144227137702929,0.0205218347293463,0.037237047104540726,0.08848651568909915,0.016256898042471924,0.07644982806197326,0.08602848040639978,0.08551946652093939
udp,eco_i,REJ,0,35,396,0,0,0,0,0,1,0,0,0,0,0,0,0,0,0,0,4,3,0.0752821996765083,0.02506549019778581,0.004254247200848194,0.046781794693603995,0.9039232723025352,0.07092205329309392,0.002708335575827803,20,137,0.9664890541770916,0.020608897560239394,0.01751281548970446,0.011393765317792605,0.06584678016108488,0.06605397757719142,0.07271123199308797,0.09099420391153265
tcp,eco_i,RSTR,4,80,104,0,0,0,0,0,0,0,0,0,0,0,0,0,0,0,0,8,7,0.0790956271067311,0.08373884568107164,0.02245886628046051,0.012640242790965584,0.9653370499641568,0.05729950174775801,0.07855891727792777,49,73,0.931254976682315,0.025782180160882174,0.04745390480440325,0.0496014720734431,0.06983544304439988,0.010115378502870032,0.030473676237625858,0.04713981163597669
tcp,http,SH,0,43,115,0,0,0,0,0,0,0,0,0,0,0,0,0,0,0,0,8,5,0.004938722190823419,0.034115410327293684,0.007202631600424659,0.08451071795552811,0.9331386890958322,0.05106723794132989,0.013254291876251136,121,79,0.9939064071121151,0.0008705508128900252,0.017271749915418067,0.04615019506847321,0.08986429444629458,0.03634770516989299,0.04368231040004146,0.0073681823342749975
udp,ftp_data,SF,2,83,795,0,0,0,0,0,0,0,0,0,0,0,0,0,0,0,0,7,4,0.019765093018278758,0.05218662684170167,0.020318675260576038,0.014979088726619627,0.9095968583137996,0.088916036819618,0.03161647132319915,200,17,0.9196976689336424,0.01823298599428972,0.01482624533735575,0.07017114419597952,0.03680788939887256,0.08985491474526489,0.09896432990806692,0.028053567765405518
icmp,http,REJ,0,89,29,0,0,0,0,0,0,0,0,0,0,0,0,0,0,0,0,5,9,0.027998165024623847,0.09780575034640747,0.020023410227485695,0.004130460982922524,0.9042504499903691,0.004077115070477933,0.006859587091041841,102,83,0.9044811879701801,0.06361968434937296,0.08759997063859326,0.027239535018178843,0.011273804516952436,0.06951751023798831,0.02820441005054111,0.06854975191172942
icmp,other,SH,0,12,34,0,0,0,0,0,0,0,0,0,0,0,0,0,0,0,0,8,5,0.08038861266346553,0.07540001613705476,0.04775574824733554,0.08462691052519972,0.9843621366150549,0.0059603598480307725,0.059557181581914725,163,94,0.9105826190796849,0.06948520475876611,0.037280348409029045,0.021383749242164032,0.04137651966401528,0.09870944259297393,0.05878366026041542,0.08082876165958366
tcp,private,RSTR,0,74,20,0,0,0,0,0,0,0,0,0,0,0,0,0,0,0,0,4,3,0.08727590156768178,0.008527712473680726,0.01779915138107807,0.05545714530531725,0.9591264135782359,0.0636305206652552,0.06929880134241917,231,138,0.9090282071679644,0.07916320911652189,0.09838166370987066,0.09659330978235132,0.04365559664973789,0.09642769031501293,0.05951283831958748,0.09589278330860512
udp,ftp_data,RSTR,0,183,14,0,0,0,0,0,0,0,0,0,0,0,0,0,0,0,0,5,11,0.002427991926745954,0.08701352711442085,0.06529707166249753,0.03039727783248517,0.9788509130643909,0.024998107197290877,0.06470933468061267,244,214,0.961423155439317,0.0400635721757732,0.015134743393664286,0.0373555624183563,0.07299102331597948,0.0036254123260750838,0.02725714554078892,0.018913883358003217
tcp,other,REJ,0,47,342,0,0,0,0,0,0,0,0,0,0,0,0,0,0,0,0,5,5,0.06470594768741411,0.0133405853745737,0.09784531611947762,0.09018649496993325,0.9960166112884339,0.08642388667960565,0.06522336029363833,199,119,0.973995609869246,0.011931494706083368,0.0069135454064461095,0.09478885844721155,0.023708333792493597,0.0331270079363069,0.07906680443636098,0.07654884347734325
udp,other,SF,1,144,295,0,0,0,0,0,0,0,0,0,0,0,0,0,0,0,0,3,4,0.09754587058744721,0.09631830973911533,0.07853627274890339,0.09889684563381328,0.9922455304735766,0.00934962446328409,0.08661500860429151,254,251,0.9335182385772808,0.06761639810092697,0.08236548956287026,0.0017043451272952149,0.03230217714371566,0.01876764872452308,0.00024988090838483633,0.08062604684608947
tcp,http,RSTR,0,42,27,0,0,0,0,0,1,0,0,0,0,0,0,0,0,0,0,6,6,0.04345884032081221,0.08101696144849542,0.029946681027590506,0.0448805557413367,0.9930363753293416,0.09995816551492558,0.07621499161502182,113,121,0.9072748316693454,0.06279169128435487,0.00904966974021223,0.07470551539025694,0.09387588619807452,0.02552242003721472,0.07459602490963556,0.00986175803789413
udp,ftp_data,SF,0,15,74,0,0,0,0,0,0,0,0,0,0,0,0,0,0,0,0,8,5,0.07865670123714262,0.06793113902635349,0.09630348127111654,0.032571429162319414,0.9401662989817686,0.04395043638055172,0.03178814105269039,115,210,0.9037132371479291,0.052830148228457746,0.018280015713363684,0.045468253613371756,0.013977109166200853,0.060719030362059105,0.00548459487913916,0.08021245778908687
icmp,domain_u,SH,0,148,26,0,0,0,0,0,0,0,0,0,0,0,0,0,0,0,0,6,5,0.029180570010785035,0.03502632471371991,0.09697007817507716,0.0660438190722678,0.9640478048471158,0.004323814410565486,0.027677388833408534,209,48,0.928286213409201,0.0005629566078722337,0.09296436778244956,0.05444828474468486,0.0865136436272284,0.060648318576120824,0.08020528987118677,0.08188470806528607
udp,eco_d,REJ,1,63,642,0,0,0,0,0,0,0,0,0,0,0,0,0,0,0,0,4,4,0.06648479905457363,0.05044384153213467,0.031012311913809865,0.03291093959205643,0.9539735353807425,0.08502391604148668,0.09885749612760375,74,37,0.9991216299821679,0.028754989603143558,0.03664219448103341,0.09109254221748525,0.029164262066690885,0.05396013392120219,0.017052148883236053,0.039304780066562156
tcp,eco_i,RSTR,1,235,22,0,0,0,0,0,0,0,0,0,0,0,0,0,0,0,0,3,6,0.020885958641511784,0.007456108283276575,0.051431320265143035,0.02115630740270551,0.9923960776330866,0.03916713855879494,0.0033545202595731682,160,129,0.9878433108185691,0.006233403325173171,0.0750482970547286,0.09446705898432341,0.05219141990070974,0.048678319572878374,0.08076626166305453,0.015283192667497215
udp,eco_d,SF,0,23,328,0,0,0,0,0,0,0,0,0,0,0,0,0,0,0,0,3,2,0.027565051854682644,0.05666255364311386,0.05183807384328153,0.004755754862025819,0.9533794381873385,0.007040511361271007,0.06171482170381422,252,109,0.9292037392830238,0.03603968117638944,0.0795863027612379,0.02040977600048909,0.052714668470790864,0.024921544524850715,0.09096836756629617,0.07524782827665621
udp,other,RSTR,0,349,350,0,0,0,0,0,0,0,0,0,0,0,0,0,0,0,0,3,5,0.04759570429438327,0.05985062062800485,0.04642469842858271,0.06289502146543029,0.9436885005190804,0.07114532929438508,0.04401370000917775,185,189,0.9916510074880992,0.04031220471525215,0.09855480924426298,0.03944639001032051,0.04671853368516219,0.008792171696017249,0.07574292328431875,0.09059575337408392
icmp,eco_i,RSTR,0,93,153,0,0,0,0,0,1,0,0,0,0,0,0,0,0,0,0,8,2,0.05392823290273693,0.0015238345874307947,0.07325797782546067,0.03890047447482801,0.9763603235613892,0.08590908654024176,0.05654440944822173,13,101,0.912417827796375,0.03810232152810494,0.008849037143414751,0.006085635582988214,0.06752083443197025,0.07832511297061073,0.06023203061153918,0.0857624144305195
udp,other,RSTR,0,299,118,0,0,0,1,0,0,0,0,0,0,0,0,0,0,0,0,4,8,0.01120961648589467,0.03846891241129596,0.02198691098899569,0.03425092042663296,0.9915140777141727,0.04340514477673155,0.00997364735869032,111,148,0.9212101917814726,0.04060935080118971,0.015491993710527919,0.0694814040369652,0.021735898190074057,0.08610790474175406,0.005359224441613253,0.09229807903553539
icmp,private,RSTR,0,220,263,0,0,0,0,0,1,0,0,0,0,0,0,0,0,0,0,3,2,0.016482352174072634,0.05148677083075031,0.09416319060207265,0.043720962247873356,0.972475446792595,0.014769025640838308,0.0831067560907474,153,241,0.9763191300300436,0.09412422704095764,0.02452835614817757,0.06735865949698339,0.022890036213441656,0.02929556586781651,0.0583827931026028,0.002812039064327743
icmp,eco_d,S0,2,14,416,0,0,0,0,0,0,0,0,0,0,0,0,0,0,0,0,8,4,0.05917661749016036,0.05226298105537305,0.07413049535500628,0.03435486146197919,0.9126488979650789,0.014382770985972694,0.0425775487995727,206,109,0.9925960279991826,0.025516142740461857,0.056491363642884276,0.09355683416860784,0.015572208922547027,0.054450520135891946,0.06586908126383438,0.029028049301466442
tcp,other,SF,0,17,192,0,0,0,0,0,1,0,0,0,0,0,0,0,0,0,0,6,7,0.04468821186903687,0.0863819943561891,0.08016569094143622,0.09418431501283696,0.962230318666653,0.09310541871659708,0.07261241274658296,64,129,0.9223905145087858,0.028179098992248554,0.017399976865662782,0.04147622485542986,0.09228569036827802,0.0752048656817038,0.028311180281968953,0.05760172297171752
tcp,private,RSTR,0,45,720,0,0,0,0,0,0,0,0,0,0,0,0,0,0,0,0,4,3,0.050680975088458646,0.08571536666755698,0.03356983177547651,0.014641966204832225,0.9096628746065951,0.011551512329096347,0.012949253308168963,7,43,0.908356410189841,0.00036244618334112526,0.07885289636706015,0.05666331791231587,0.04861095627492432,0.01550314803341657,0.003062327553828892,0.07333173107184919
udp,private,RSTR,0,93,132,0,0,0,0,0,0,0,0,0,0,0,0,0,0,0,0,4,7,0.04929119863942353,0.01062490207068123,0.09754651919555855,0.06263908279460144,0.9106149328909618,0.06710636037538394,0.07431573004353838,195,66,0.9502856401360203,0.003928787369916242,0.04759904996872616,0.0953087004989848,0.015611020276042798,0.004211077219736958,0.059803226091666196,0.05185374728216834
udp,other,S0,0,385,705,0,0,0,0,0,1,0,0,0,0,0,0,0,0,0,0,4,5,0.06268633507399299,0.0029881213078398086,0.0480085900634362,0.09408168771764255,0.9325530536789148,0.09573284415610694,0.020631170807327827,160,107,0.9187719112719883,0.0358191288318749,0.0936988248168289,0.028592455161435538,0.013233000317013278,0.09218235477759995,0.0934539879691123,0.09331574773852994
icmp,other,RSTR,0,275,699,0,0,0,1,0,0,0,0,0,0,0,0,0,0,0,0,3,7,0.05354147658750691,0.0722561870001887,0.061350999324495295,0.004192282792062041,0.9776435669568279,0.008453087336095066,0.00260646313658075,60,49,0.9526648545549739,0.042093211590488594,0.005953964506113108,0.018162227959783984,0.07326691737106823,0.0754662480604092,0.0671551987685932,0.04364707012730529
icmp,domain_u,SF,0,50,185,0,0,0,0,0,1,0,0,0,0,0,0,0,0,0,0,4,2,0.06683924783295234,0.027752885598756993,0.03712041348958702,0.07170312981850595,0.9749427348910031,0.09971264393284618,0.08868438405863326,227,236,0.9697222200073203,0.08433250214030513,0.01580253423966572,0.003687800906636163,0.02892107437812739,0.020336863394323203,0.02713057368112433,0.027457276234103347
icmp,ftp_data,RSTR,0,120,236,0,0,0,0,0,0,0,0,0,0,0,0,0,0,0,0,10,8,0.061579938349371616,0.04777705783473693,0.04426082049042952,0.0211507404562871,0.9722777027310209,0.021668566818762648,0.024349324623716376,101,25,0.9063458596281869,0.021686502713403145,0.05710261534967231,0.07396269325673765,0.02081637676197178,0.07140000225590781,0.017868741562762348,0.07270275138768717
icmp,http,SF,1,12,39,0,0,0,0,0,0,0,0,0,0,0,0,0,0,0,0,8,7,0.0895871974161897,0.07005550443381678,0.08136511759163921,0.06940998184797768,0.9346333794886755,0.024336163905506993,0.004302327624917657,188,90,0.900960016329904,0.02414369242093513,0.006802034492373033,0.04844596598617273,0.08522170006677952,0.009568402563547008,0.05111347184416601,0.09259388843930118
udp,eco_i,RSTR,0,32,219,0,0,0,0,0,0,0,0,0,0,0,0,0,0,0,0,4,8,0.025816055031154396,0.010255636519475898,0.008395165196797073,0.03555639761871401,0.9272962244380382,0.03941505215932101,0.09966350227617479,89,190,0.9152727145593411,0.0950541189660715,0.0674089064439292,0.035234898306012355,0.06970900575297732,0.05153440534346185,0.04190490730310989,0.009777992594345298
tcp,eco_d,S0,0,316,149,0,0,0,0,0,0,0,0,0,0,0,0,0,0,0,0,7,4,0.042600253456668895,0.033669365751851234,0.09702550270363647,0.033557499153273156,0.9306605490716972,0.08149281733062752,0.07602848271366582,125,50,0.9934007962863862,0.02246403065423599,0.009554925974947349,0.07498608755089614,0.04441868257227797,0.024226464237430658,0.0260867190343979,0.014894082099887896
udp,domain_u,S0,1,159,259,0,0,0,0,0,0,0,0,0,0,0,0,0,0,0,0,6,6,0.07667058554722492,0.09568689177310218,0.04478233121083256,0.02298284549738109,0.9178547069079998,0.09025051638556952,0.06498000322822528,249,68,0.9159765257037781,0.08683586742153535,0.0077694381368242915,0.09664180643777348,0.058958464289626755,0.0023414111147646135,0.01971227569693537,0.00450042542825384
icmp,eco_i,RSTR,0,20,147,0,0,0,0,0,0,0,0,0,0,0,0,0,0,0,0,4,11,0.07459820241270508,0.027564156580341715,0.08171976864531699,0.019257264744594008,0.9644718287728143,0.08020027851196798,0.07584515287321722,65,159,0.9177604163626103,0.05121885128615986,0.09860255742222149,0.02273324091984702,0.03501271723484065,0.04103561989822573,0.04177188107539401,0.08028014555980859
icmp,http,SH,0,33,144,0,0,0,0,0,0,0,0,0,0,0,0,0,0,0,0,4,5,0.09960605461341275,0.08172937549202042,0.09003427361357472,0.07007319388795388,0.9988494559259032,0.024798901305915912,0.016478053937393544,28,45,0.9698442694816901,0.024601350455898008,0.07553857351562428,0.02314835692730234,0.047627688206837306,0.05279287776681642,0.007817810844895646,0.028435317949795747
icmp,ftp_data,RSTR,2,173,24,0,0,0,0,0,0,0,0,0,0,0,0,0,0,0,0,4,2,0.07424394836480952,0.022129856654095028,0.019560630676268065,0.011576842186407189,0.9576700046959985,0.006011278499389417,0.09777750367348963,73,200,0.9076674836933023,0.02477849286366861,0.087421059210664,0.017341671783590674,0.06999896097414854,0.08561988766203053,0.002128145427071604,0.009987628255301528
tcp,eco_i,S0,0,166,860,0,0,0,1,0,0,0,0,0,0,0,0,0,0,0,0,4,4,0.033560007321073886,0.034334136574456164,0.07302888878441391,0.051697881767369724,0.9435532267163471,0.008709061695278963,0.05447327623962283,63,217,0.9890063494093666,0.018482062195545036,0.050142901671644695,0.0166936203082098,0.036401966128216556,0.05756864036575554,0.0020931504930692293,0.000491426846741816
tcp,private,SH,1,32,335,0,0,0,0,0,0,0,0,0,0,0,0,0,0,0,0,6,5,0.0402182619368697,0.08339821327983402,0.06375492485443478,0.04749161043414816,0.9956987039859125,0.042170512086800366,0.001824068099832399,113,42,0.9524019305792575,0.003926691362450796,0.0593992707894654,0.08524544426348682,0.07239325662164252,0.05814637515919734,0.08994047552024169,0.09536614051116236
udp,eco_i,SH,1,34,170,0,0,0,0,0,0,0,0,0,0,0,0,0,0,0,0,3,6,0.09969933460652264,0.07730867379427592,0.05622386536884671,0.00972197401995858,0.9954705342599707,0.042470384907833406,0.09697502556142623,61,10,0.9270518339748932,0.0175567589924183,0.011894580010118373,0.010629066750341554,0.05359418083723966,0.06458461064851716,0.03763306431230521,0.04981871743646993
tcp,http,SF,2,110,255,0,0,0,1,0,0,0,0,0,0,0,0,0,0,0,0,4,3,0.019724278378524075,0.09856088481916273,0.024177966628186765,0.08556243739430024,0.9383788300599278,0.09455960987395136,0.09460361644964167,61,11,0.934154260407467,0.08497723589065237,0.03847635130199439,0.0884050451514744,0.03074165258276227,0.07117023507228294,0.028334790983001512,0.020437423791800847
tcp,http,RSTR,1,8,447,0,0,0,0,0,0,0,0,0,0,0,0,0,0,0,0,3,8,0.04648489043844398,0.09993217782767494,0.07086439846343104,0.01154053290210504,0.9450347767896612,0.03070368638389367,0.0433543444619161,178,236,0.919930563908796,0.07216842197574766,0.07449758757444229,0.056709715093213035,0.007026957221475916,0.0619512095681551,0.09120423498805247,0.08162968222185323
udp,eco_d,S0,1,53,110,0,0,0,0,0,0,0,0,0,0,0,0,0,0,0,0,4,1,0.08247943494381053,0.03501987495239182,0.04877440545713914,0.05933374072988079,0.9707899588341277,0.0986680058996054,0.021837104404211494,175,16,0.9546642919068661,0.03888481769707763,0.07726621340191143,0.028988971754592044,0.04573377780466162,0.027971737094776485,0.01500580721685,0.041639480787255045
tcp,eco_d,SH,0,104,24,0,0,0,0,0,0,0,0,0,0,0,0,0,0,0,0,2,3,0.09332864570275048,0.02129255943876184,0.045575092051775914,0.07541124775993127,0.9292282910767451,0.06724685590366945,0.023415372252984092,197,72,0.9433753151790704,0.05702387540048681,0.0723936725901217,0.01297604157339164,0.07741415141907854,0.06392659370055732,0.01848282970901306,0.006606293942645058
icmp,eco_i,SH,2,76,253,0,0,0,0,0,0,0,0,0,0,0,0,0,0,0,0,5,6,0.09331674356085679,0.0786640641739943,0.025737722446154465,0.03977685746802867,0.9078524201929064,0.02863581863693533,0.04697405540547355,4,184,0.9154093017892988,0.015845957323647564,0.02887781474697847,0.09326784512662542,0.014136257747734549,0.0872469263175904,0.04916039257680162,0.030198635623539107
udp,eco_i,SF,0,49,568,0,0,0,0,0,0,0,0,0,0,0,0,0,0,0,0,8,7,0.07410349286788677,0.01000533414030419,0.03013883383835421,0.03340849604472801,0.9224103563875934,0.0626252109583114,0.022154202306328398,89,17,0.9325214236456626,0.07402914234051661,0.05071682096056515,0.05155129221450815,0.08692601681396722,0.05011698903449923,0.08639166516219823,0.09371819312997011
icmp,other,RSTR,0,70,170,0,0,0,0,0,0,0,0,0,0,0,0,0,0,0,0,2,2,0.0707769435546642,0.017878818325135794,0.028435748722158562,0.098485095904153,0.9401392622273723,0.021133543133924928,0.030017214652578852,52,52,0.9389257008539469,0.03707085587758601,0.01188542099499439,0.042795104241382886,0.02013405726055836,0.05856918911846146,0.05428634332193575,0.08755415046072684
udp,http,REJ,2,49,55,0,0,0,0,0,0,0,0,0,0,0,0,0,0,0,0,6,11,0.03353070685099254,0.026546808345060305,0.08879194538036322,0.09641284131829403,0.914912960094524,0.015653206926901374,0.040853583468872426,110,166,0.9914068024221039,0.05391142100237844,0.07287652895829157,0.07502404669368738,0.07901254310204318,0.0004034303895738112,0.0003758615184094483,0.03324525775849257
tcp,eco_d,SF,1,153,180,0,0,0,0,0,0,0,0,0,0,0,0,0,0,0,0,5,2,0.033884809652573636,0.0967267326707825,0.09071198363435716,0.003396179640924613,0.959978506334675,0.030770949954387485,0.008299388063818192,180,164,0.9587578065682577,0.06027913833485698,0.020819105653961757,0.07765218963204214,0.0981432963431865,0.08984315311927167,0.08222482542677065,0.05395802387300233
tcp,ftp_data,RSTR,0,72,115,0,0,0,0,0,0,0,0,0,0,0,0,0,0,0,0,8,5,0.09343813222398656,0.031939529761052,0.06159660383084978,0.0966659654877326,0.9562566481821742,0.07413823545653152,0.047159925296804066,7,206,0.9036560352905961,0.07857681292750475,0.029203900813909712,0.023593659151449255,0.033628987778089224,0.03196300442262884,0.08037936531688925,0.017837930224520484
udp,eco_i,SH,0,201,233,0,0,0,0,0,0,0,0,0,0,0,0,0,0,0,0,1,4,0.07824925335712597,0.01128644159091764,0.0674777831639704,0.0031512582396793112,0.9270671062714824,0.050731525616036235,0.051185349760669775,165,254,0.9136685039569326,0.058147704288415585,0.08130960256481125,0.09262858710964622,0.05805921062249445,0.008482901476830928,0.015451814744651717,0.0954703693355063
udp,domain_u,RSTR,0,16,96,0,0,0,0,0,0,0,0,0,0,0,0,0,0,0,0,7,7,0.03109414162478551,0.01175291804223898,0.07885839074263229,0.06970542122087925,0.9985660825694378,0.01846069206098282,0.07984842065163103,243,0,0.967966346286179,0.08702088173159402,0.03807272733908937,0.0668237679016482,0.04033029675260938,0.03821834862908929,0.07920691934514067,0.03859234594289473
udp,private,RSTR,0,34,129,0,0,0,0,0,0,0,0,0,0,0,0,0,0,0,0,3,6,0.0898672004728256,0.052142571688844674,0.03448129317357475,0.023816791597694897,0.9565608035363355,0.045859352825662406,0.03861578907867688,80,177,0.967734454196611,0.08652455381966218,0.03449464350873776,0.09573301189123942,0.004246812756211061,0.047251027619536506,0.03292248059280899,0.06853847921459537
udp,ftp_data,REJ,0,110,303,0,0,0,0,0,1,0,0,0,0,0,0,0,0,0,0,7,6,0.0488749168196176,0.04127743511231764,0.0021435169128378286,0.01909486799452196,0.9464177236916512,0.05974531892972909,0.06382995727429763,144,228,0.913157552020115,0.08031057318184354,0.09434960360049413,0.05123214618232746,0.09216144436857211,0.08339962864913973,0.059680989469136116,0.011063923590154524
udp,domain_u,S0,1,215,102,0,0,0,0,0,0,0,0,0,0,0,0,0,0,0,0,3,5,0.02590154585149388,0.006839613363783814,0.04313563631502751,0.01933036189382109,0.9444997626824336,0.014821115736474223,0.01990359005811211,228,235,0.9395502632997631,0.018555327284234535,0.08728171228886927,0.02854874936227221,0.0254621306487309,0.06190157628030905,0.08953951246088372,0.03929202073053541
tcp,http,RSTR,0,174,132,0,0,0,0,0,0,0,0,0,0,0,0,0,0,0,0,4,4,0.031207869515954823,0.035788548592937654,0.06553629533377454,0.05030153594309639,0.9978023066160118,0.05530117559285369,0.04946565364725976,239,62,0.9856612443939294,0.045886672364401776,0.08865523496998944,0.02426584021936591,0.09686379441112539,0.018384230095902444,0.09567095845820481,0.07685715213396617
tcp,http,SH,0,37,309,0,0,0,0,0,0,0,0,0,0,0,0,0,0,0,0,4,4,0.06746265584886792,0.015734857832963023,0.0032972384484831864,0.02161584998271441,0.959517133308903,0.06723553311593465,0.021988402456803446,14,49,0.966788514139147,0.04991986842617862,0.01841846284162929,0.05507954711365398,0.008310372132412813,0.010199287134782388,0.0747050400608446,0.036702415453410346
icmp,eco_i,SF,0,45,86,0,0,0,1,0,1,0,0,0,0,0,0,0,0,0,0,2,3,0.08883807251531932,0.022229993344309487,0.0822476309595826,0.017495159019629346,0.9389354770518303,0.03372797103557231,0.028468960040840686,92,6,0.916763977379419,0.0764884758711152,0.09212102681360228,0.07395343161243677,0.02340406666851118,0.032014647508377646,0.09221358555148788,0.06738212235272133
icmp,http,S0,0,133,187,0,0,0,0,0,1,0,0,0,0,0,0,0,0,0,0,4,6,0.033150059371967966,0.0862786748197319,0.06416565691871456,0.04209372170191929,0.9238782270322162,0.03993087433274946,0.0583902650229448,225,121,0.9380763285856314,0.09681316466784542,0.012385650226006274,0.08064388862219875,0.0685909035591211,0.06133073050895545,0.008394142675736205,0.09993499513578848
udp,other,RSTR,1,101,648,0,0,0,0,0,0,0,0,0,0,0,0,0,0,0,0,3,9,0.046635126832531015,0.008039530558855623,0.039125094039974766,0.04720728886554773,0.938378402047584,0.09681676436715199,0.035425272833246015,192,122,0.982142153084078,0.017252809710314045,0.07013570739726951,0.009327451595892978,0.004638541744745095,0.0822290780130682,0.037309470698346,0.015630509493205613
udp,eco_i,SH,0,0,381,0,0,0,0,0,0,0,0,0,0,0,0,0,0,0,0,7,8,0.04461950909474269,0.05454835486525688,0.0393807439291073,0.05372531163507957,0.9201926003490777,0.05180676950188234,0.07243353572087693,14,167,0.9558356460531073,0.08774977025776723,0.05858749797389998,0.0777933530700614,0.01926959160773354,0.07177937421923872,0.05320915122418473,0.08841433082368964
tcp,eco_d,SF,1,51,8,0,0,0,0,0,1,0,0,0,0,0,0,0,0,0,0,6,6,0.00906924688553149,0.05137983797190135,0.06878745446197615,0.00494263521651096,0.9080177491058655,0.043120721396559904,0.09579242406629612,214,4,0.9052048461242869,0.08079126617390552,0.02364545215917463,0.02167985792725472,0.09961059951175838,0.06096553343428608,0.039621288735759534,0.025429778378775726
udp,other,REJ,0,160,229,0,0,0,1,0,0,0,0,0,0,0,0,0,0,0,0,11,2,0.08230905943436473,0.01951628868627732,0.09397670708587785,0.08789900070823968,0.9927738871464921,0.06788571645753454,0.09353684652798,34,158,0.9330227937379123,0.07733192068204316,0.02209227900182168,0.012737603916184071,0.006394336115749444,0.03276590277214985,0.09472614750912489,0.09560686081513767
icmp,private,RSTR,1,111,1756,0,0,0,0,0,0,0,0,0,0,0,0,0,0,0,0,6,4,0.0662840659837604,0.024693467043958618,0.0899628777575184,0.07989500081676332,0.9529272603032386,0.01270800366493815,0.05822780209734407,218,104,0.9947590139397686,0.05073558158579771,0.014639715958518651,0.007201040250530666,0.03265792816806323,0.03750255930299547,0.06769011015217545,0.03893256963516583
icmp,http,S0,0,15,51,0,0,0,0,0,0,0,0,0,0,0,0,0,0,0,0,1,5,0.00961897938584635,0.08326619479037495,0.09096073290765026,0.04936229480936815,0.9112318721177255,0.012238517857644371,0.0026208483520411166,103,103,0.9063696667875654,0.018249322179841876,0.03632970638084892,0.028997868555381237,0.08412650537751404,0.04266677662634334,0.02369717588324373,0.07814635015372658
tcp,ftp_data,SH,0,85,281,0,0,0,0,0,0,0,0,0,0,0,0,0,0,0,0,5,1,0.07509928073691316,0.09047316696249091,0.06516010335449503,0.07387398230468073,0.9572001233730496,0.09964774306395727,0.09485002249835069,5,0,0.9001745925212481,0.09387128578248555,0.01456658452533295,0.03273687634525944,0.03928972706881019,3.344291574991498e-05,0.028575796895235418,0.05486319518351088
udp,http,RSTR,0,172,355,0,0,0,0,0,0,0,0,0,0,0,0,0,0,0,0,2,7,0.006502433846903477,0.003277373031394737,0.09197454334746029,0.09856930515875612,0.970516361961159,0.023037868212025858,0.07226936796453391,26,226,0.9605856700963618,0.024173752028836218,0.02139485020861608,0.057348471206971674,0.07520051403604533,0.016943606409913294,0.08958755227800853,0.007355918173788456
udp,ftp_data,S0,1,56,685,0,0,0,0,0,0,0,0,0,0,0,0,0,0,0,0,3,3,0.07574324427041984,0.08310323603365075,0.02921229173533285,0.040061629045543626,0.912794672459323,0.06838144255649568,0.09212751862593081,238,58,0.9565912661132661,0.0052513649026798455,0.01895465962101528,0.07354627501760153,0.02134833084258421,0.0078081934516562425,0.02733675387772072,0.07198524209677425
icmp,http,SF,2,224,292,0,0,0,1,0,0,0,0,0,0,0,0,0,0,0,0,5,6,0.02389969501256968,0.02274693104587973,0.01225882101640794,0.0013212922129572703,0.9485747351162882,0.021883089786045796,0.0963359257979579,179,25,0.9011988156243744,0.06937737224002001,0.09283427451909818,0.06055966971855399,0.02924671455757747,0.0947120965283259,0.007759710971618039,0.015123260753508339
icmp,http,REJ,0,28,70,0,0,0,0,0,0,0,0,0,0,0,0,0,0,0,0,5,4,0.09793274677951885,0.08516233483324277,0.057305565001958526,0.02012305535380984,0.9706491097498569,0.08753029921222012,0.022031991739705815,140,245,0.9231433840934382,0.0504045151121181,0.05383631642497916,0.0780808067568013,0.029321504371727605,0.08123285918666438,0.023420587062252963,0.08230058928670538
udp,eco_i,SF,0,107,5,0,0,0,0,0,0,0,0,0,0,0,0,0,0,0,0,2,4,0.09941494982853108,0.0743550447350778,0.02886461010642273,0.09114908092820592,0.9032574594578564,0.018063593216936725,0.013863056712794164,34,118,0.9044004141489114,0.052659586721666755,0.0757273243430346,0.008043765664679348,0.08487324030501271,0.07958706757162635,0.023482538493758687,0.07176544887071339
icmp,eco_d,SF,0,300,92,0,0,0,1,0,1,0,0,0,0,0,0,0,0,0,0,6,4,0.023129556888715142,0.03021323624396728,0.001718404562019338,0.05874116424917269,0.9870068574275805,0.07880434458536231,0.08256080998988116,33,121,0.9425421941566241,0.05180513289558312,0.09667691607430459,0.05816057603566458,0.02663625530910131,0.06386217361988791,0.015431353749178967,0.012588995713043583
icmp,eco_d,RSTR,3,188,749,0,0,0,0,0,0,0,0,0,0,0,0,0,0,0,0,11,1,0.041737666638182375,0.07790312905170174,0.013912682128350728,0.0296541255756129,0.9003277810021529,0.0861134461443683,0.027504118326328278,219,178,0.9571855986974431,0.013565395600961982,0.038981576892462594,0.0836296245898477,0.006727860488808236,0.04045798566730167,0.07242324033048288,0.06526195660738372
tcp,domain_u,SH,1,27,12,0,0,0,0,0,0,0,0,0,0,0,0,0,0,0,0,8,6,0.0007912188283535016,0.07899903537520712,0.06795768829774608,0.05536019726001341,0.9287365743059474,0.05396996282805061,0.0522473112000709,82,189,0.9493681579570151,0.060063343180913865,0.09676678063216576,0.09105196230965237,0.0004881599875898646,0.005018875775683141,0.005878311210587017,0.00040370833041877276
icmp,ftp_data,REJ,0,14,7,0,0,0,0,0,0,0,0,0,0,0,0,0,0,0,0,2,2,0.03409786947801868,0.018297582236524314,0.004039488132779323,0.05719683865635877,0.9003979666036337,0.061406089967569494,0.09843395714044556,212,169,0.9787505782105039,0.057237370101009245,0.08356595850138067,0.04450103199559309,0.05041618392005064,0.07421381929799077,0.04876011670549161,0.08220741366215328
tcp,private,SH,0,205,114,0,0,0,0,0,0,0,0,0,0,0,0,0,0,0,0,5,8,0.07854625710841003,0.09996626539398851,0.07854421863622818,0.001997891673319707,0.9173577375135167,0.09976880527059337,0.0829727421352611,95,199,0.9380228445990239,0.08322366942111808,0.009183768737666076,0.00923224255228825,0.06504042083523077,0.072152300087397,0.08392746686520583,0.0605795956708543
icmp,eco_d,SF,0,239,29,0,0,0,0,0,0,0,0,0,0,0,0,0,0,0,0,4,3,0.028644509642419637,0.06697702993207204,0.05044148353294101,0.0037272687825891885,0.9143472185303265,0.03621654747668107,0.09723151557120727,111,120,0.925614388317084,0.082715316103525,0.09514701518755057,0.061443129873045135,0.05629838981307633,0.08197058970296267,0.006423768824784126,0.07004266509179947
icmp,other,S0,0,26,251,0,0,0,0,0,0,0,0,0,0,0,0,0,0,0,0,3,4,0.06453660411777161,0.08669088851734895,0.08105794046689806,0.037600034755599324,0.9998498141568465,0.008785591749447874,0.022934018713573503,173,157,0.9244627107165397,0.05706533280078824,0.07109646846059647,0.03162506653389013,0.033701929954500776,0.08682889595519624,0.036729297579925206,0.035347322059837614
tcp,private,REJ,0,130,3,0,0,0,0,0,0,0,0,0,0,0,0,0,0,0,0,5,4,0.023197594385756172,0.08322939221431036,0.017402115888237358,0.06754810954911189,0.9111911681771439,0.02458884193649438,0.006939039256460189,26,25,0.9785060749469449,0.047842227625116654,0.07347007697434804,0.09018869407647934,0.09333482882270072,0.03183898156477396,0.0667662669698648,0.061572833135245975
tcp,domain_u,REJ,0,475,73,0,0,0,0,0,1,0,0,0,0,0,0,0,0,0,0,2,3,0.05173652684310995,0.09829857802792052,0.07090576431392998,0.01953129901178509,0.9741186807947009,0.02375389241788143,0.09128448771574382,174,79,0.9913528084459996,0.013560104938707386,0.014728563960529751,0.09460712979156999,0.04580100287900864,0.04992326132701045,0.030941631260511894,0.08807868413140664
tcp,eco_d,S0,0,5,389,0,0,0,0,0,0,0,0,0,0,0,0,0,0,0,0,5,2,0.09476913975898454,0.09807328264952944,0.021447937216337077,0.01771490073891965,0.9711578948615117,0.036327130832827396,0.059623499770740676,53,219,0.9050807495120953,0.012598295790408066,0.07000544796672825,0.09694273437685935,0.07557309519346221,0.04240262095608091,0.042420466464325304,0.04833776611686374
tcp,private,REJ,0,41,36,0,0,0,0,0,0,0,0,0,0,0,0,0,0,0,0,2,4,0.050223232916789866,0.06004018675086856,0.0009463220409689499,0.02273295877921977,0.904112252023583,0.0361978800624883,0.09962628530140896,35,111,0.9492930097090664,0.034700412692906635,0.029629188419830976,0.027992698224253067,0.09091254894209767,0.09769332055901478,0.09760403185850629,0.05299437571706633
icmp,other,REJ,1,17,422,0,0,0,0,0,0,0,0,0,0,0,0,0,0,0,0,4,4,0.060646498091490066,0.08212972999948649,0.029079895733700158,0.030751473371510376,0.988515553173675,0.07961896475207697,0.041375552103298845,181,30,0.9099322055852032,0.08242454290285048,0.04494386482972606,0.0536064457554406,0.0009387970349367559,0.04714621602711549,0.05800390648997596,0.057594701301661944
tcp,ftp_data,SH,1,19,27,0,0,0,0,0,0,0,0,0,0,0,0,0,0,0,0,3,6,0.0905182238505455,0.08392109110340494,0.005348471028851932,0.04640027655966851,0.9658004972495761,0.08777166427266521,0.039364926508956045,226,156,0.9296213817068931,0.03007996491747883,0.06742271363555345,0.05385239383984413,0.023120880840861058,0.0185727673350758,0.06744576038562754,0.020654929241047004
udp,eco_d,REJ,1,209,23,0,0,0,0,0,0,0,0,0,0,0,0,0,0,0,0,3,8,0.07487734458240923,0.0070953642104331196,0.03300345934325882,0.08143479302555343,0.9269956006326876,0.08250650568495187,0.055787349279355386,59,11,0.9886870207706049,0.08973011395321598,0.012738400889968316,0.0804995056043426,0.03658237027275124,0.05681402737058883,0.08321225370692174,0.08498778729102903
icmp,private,S0,0,82,0,0,0,0,0,0,0,0,0,0,0,0,0,0,0,0,0,8,8,0.08252099839228258,0.02356754423073275,0.07525370976176382,0.009380590052456362,0.9409955389048861,0.010913187154293914,0.08150673681022086,96,19,0.9514981385558664,0.08968021429747577,0.023568809054090235,0.04078818843780532,0.08015936509398823,0.09171724147870552,0.03988837366999664,0.03275167032539389
tcp,ftp_data,SF,0,154,177,0,0,0,0,0,0,0,0,0,0,0,0,0,0,0,0,5,3,0.08729417161524154,0.07770642684387424,0.020984126323814058,0.021096055010228335,0.9004300853025085,0.05619009401000446,0.07952243861654047,207,214,0.9762040221782342,0.07106988627655107,0.06641519175203922,0.06137480670744712,0.034822422041033196,0.031649697621276084,0.08195912411990129,0.04665579311995482
tcp,http,RSTR,1,101,43,0,0,0,0,0,0,0,0,0,0,0,0,0,0,0,0,5,13,0.0901885016944976,0.0759891938515529,0.06767286471117649,0.03770261469341976,0.9303679778562104,0.08695797217457896,0.07307060072887614,169,236,0.9290913701356033,0.05538373271202295,0.027363822261835303,0.08088731695932476,0.05058632411629813,0.011721054182851388,0.0184972387614723,0.09183334142310355
icmp,other,S0,0,8,20,0,0,0,0,0,0,0,0,0,0,0,0,0,0,0,0,6,4,0.08854606850601564,0.00857889571715882,0.03036813747002054,0.032551233025059134,0.9144436852397775,0.0813596089306393,0.07222334769881684,124,66,0.9190573038422223,0.09985531955512444,0.054824177490738285,0.044611355658255275,0.0046283302327555734,0.08314234757615199,0.01853246299318615,0.06313362318257225
icmp,http,REJ,4,49,546,0,0,0,0,0,1,0,0,0,0,0,0,0,0,0,0,3,6,0.023670509241004833,0.0345183860028629,0.04961499260699375,0.06873627462578794,0.9005240361188844,0.027106985061034275,0.05530738436832183,181,78,0.937107016476062,0.07732530026039268,0.07229022867474194,0.09903175083406862,0.06564750485272743,0.07380923446828519,0.040134384795024784,0.006611563802635456
udp,private,S0,0,32,62,0,0,0,0,0,0,0,0,0,0,0,0,0,0,0,0,5,3,0.07297352084549992,0.09421590707542317,0.07061802213772948,0.026734133324748322,0.9330997787515074,0.08402538417169617,0.03593177229789515,57,89,0.9439669051305004,0.0863434757617961,0.08374074999432546,0.08550593888149588,0.03366243817698792,0.051324323660413285,0.08764254649002007,0.026300678783459486
icmp,eco_d,S0,0,2,38,0,0,0,0,0,0,0,0,0,0,0,0,0,0,0,0,3,4,0.09034525470403486,0.0784137167072833,0.006618133822814509,0.09580799436336589,0.9130447561721549,0.05846261190216794,0.04146149091504865,79,140,0.9804012780097879,0.07293819781594363,0.09304483123824875,0.0705895102724306,0.032959205261499036,0.017461478779402417,0.08066454005058606,0.0656356316174007
icmp,other,SH,1,67,104,0,0,0,0,0,0,0,0,0,0,0,0,0,0,0,0,6,6,0.07180575405308548,0.09228550792517476,0.027492597855700386,0.05360073272654753,0.9920157692082648,0.06971749937656621,0.042457297052237865,180,126,0.9381532399397289,0.010349673655798608,0.03186435379678805,0.006038722264833907,0.033692742874729065,0.010246637427762651,0.028768339278458524,0.07953916950609943
icmp,eco_d,SF,1,108,9,0,0,0,0,0,0,0,0,0,0,0,0,0,0,0,0,3,6,0.007978251062854136,0.01853607821300828,0.022785160541898965,0.036142066798864024,0.991020962692457,0.05546864567312715,0.0983673941178515,33,183,0.9988991549881758,0.09252626787897228,0.0811576562547264,0.01691325994798043,0.07707898499572007,0.014015746556447063,0.09191782469520088,0.07578720886757502
tcp,eco_i,RSTR,1,218,80,0,0,0,1,0,0,0,0,0,0,0,0,0,0,0,0,3,5,0.0004656588700000186,0.07065815055436574,0.023618122812092968,0.07747144233356221,0.9944042789943036,0.048511812790914204,0.05818276701605343,144,202,0.9241550997497604,0.09706517586213867,0.0073636285655478756,0.08539554306587273,0.0865423460577952,0.05066600942656631,0.09813204023735358,0.06685301668545814
udp,ftp_data,SH,0,239,81,0,0,0,0,0,0,0,0,0,0,0,0,0,0,0,0,7,8,0.04792313861564969,0.04565040465388888,0.08492558218961734,0.06578112090861953,0.9429367045676522,0.043146650441156544,0.09217327616517905,233,227,0.9745613956930315,0.07197734483078048,0.022074087895454578,0.04543148807077895,0.05138310888944134,0.03231147689690452,0.0018103173766038428,0.0999496625637883
tcp,other,REJ,3,51,415,0,0,0,0,0,0,0,0,0,0,0,0,0,0,0,0,2,5,0.09873361585647414,0.09062803984050333,0.029230600343346527,0.05469715868977875,0.9743994871459172,0.07583198574717681,0.0880080984229801,200,133,0.9563523486882843,0.030766114898169473,0.012376380910377283,0.03832219229312067,0.061331657547214924,0.06927741220341933,0.06205641619690988,0.08107403371410056
icmp,other,SF,0,54,83,0,0,0,0,0,0,0,0,0,0,0,0,0,0,0,0,6,6,0.014930645948982524,0.08968105086643585,0.04354390931317205,0.010356772888166933,0.9214331126885255,0.03999063934420576,0.033383755909587434,205,203,0.987854755827182,0.014258391320347686,0.08663632792937208,0.015013810916533766,0.04708558004772376,0.0035458106992475313,0.017010074112144526,0.0682725361875162
udp,eco_i,SH,0,102,275,0,0,0,0,0,0,0,0,0,0,0,0,0,0,0,0,5,5,0.08834966235674152,0.015318399413960126,0.016634603712477335,0.012534560302175935,0.9276003172134385,0.05698974383892981,0.020863239255869595,135,163,0.959080189550808,0.03939981497407127,0.08630412336259463,0.01827670155541884,0.07898266896888184,0.041416727338477836,0.04654224746232554,0.06055786672585805
tcp,other,REJ,0,156,55,0,0,0,1,0,0,0,0,0,0,0,0,0,0,0,0,7,9,0.015744018076581334,0.022111565597040597,0.06815925877987408,0.007286031156718587,0.9647601724038147,0.013472894891802213,0.062124206194065126,132,16,0.9907961698106087,0.06744600868008876,0.00571022602249206,0.06472213401914925,0.01816069521541467,0.01294918184617796,0.08706520730049438,0.070562994864855
icmp,http,S0,0,10,97,0,0,0,0,0,0,0,0,0,0,0,0,0,0,0,0,4,3,0.09991392006483185,0.08762063379225693,0.059431279966805854,0.0508597126677216,0.916783788645403,0.03789272432620921,0.0030321675667750016,71,13,0.9649613217791693,0.03259314514283566,0.09412981018178507,0.0008527498337331796,0.03740936582457294,0.024211761321519688,0.014279017997440337,0.0801289900312811
icmp,private,REJ,2,45,63,0,0,0,0,0,0,0,0,0,0,0,0,0,0,0,0,4,6,0.0619679671646355,0.023156121297825117,0.06698508099593857,0.044153192038702896,0.9644095686459109,0.01904778732181909,0.0697057955868072,68,65,0.9683184762224208,0.027507829361888336,0.09944370708607271,0.007601463912460027,0.037387574266403954,0.03439073640487358,0.03596745492140529,0.09444265272944789
tcp,eco_i,REJ,2,12,237,0,0,0,0,0,0,0,0,0,0,0,0,0,0,0,0,6,4,0.03995328575217671,0.09598283264404442,0.05486156419084252,0.05815673179924581,0.9194819971335831,0.02798571001659771,0.007186674220733946,252,43,0.928091752536694,0.06618865167480383,0.05603558240280061,0.014194655950116786,0.02248473131796085,0.08313088389194777,0.03138286997553346,0.08516451499371187
udp,http,S0,0,116,280,0,0,0,0,0,0,0,0,0,0,0,0,0,0,0,0,7,5,0.014390266528578999,0.09957719665482621,0.051532212001317794,0.017790781648445764,0.9620013983047602,0.07656958803331254,0.02026758300066748,223,106,0.9197614380110648,0.02477325989419197,0.07109124903501396,0.09565227521883699,0.09083822673959686,0.024146431984956862,0.07412874569881937,0.08784365436193801
tcp,ftp_data,SF,0,92,21,0,0,0,0,0,0,0,0,0,0,0,0,0,0,0,0,5,6,0.050586374649223664,0.03417919022605953,0.008263110525580309,0.030267320147082312,0.9047855698293694,0.051649100655471326,0.09147790305910303,85,80,0.9608636202564308,0.08723954247357225,0.048841337307120564,0.044810966138012956,0.026764888496870854,0.005841852660004022,0.022980157528450642,0.08776233729468035
icmp,eco_i,SH,1,3,156,0,0,0,0,0,0,0,0,0,0,0,0,0,0,0,0,7,2,0.08500031195747332,0.06339879223990433,0.046856356570204906,0.023883614765124506,0.9185281572061234,0.09554746331211604,0.04585034243667196,95,89,0.931527050226049,0.04941708127636053,0.07332009207366505,0.09789976988712136,0.021564236469366973,0.0896121486231902,0.0025545402118961726,0.003691200518805593
udp,other,SF,0,20,195,0,0,0,0,0,1,0,0,0,0,0,0,0,0,0,0,4,2,0.07984693520714164,0.08861598433849967,0.08788425300474448,0.015129529764958106,0.9980176849305898,0.09914564292811467,0.0048240505471038204,110,101,0.9714923060386502,1.554959740325268e-05,0.09124013683837075,0.031228117024376778,0.08295841669407848,0.021336707900093177,0.09486101381636888,0.0376469442620278
udp,domain_u,REJ,0,11,175,0,0,0,0,0,0,0,0,0,0,0,0,0,0,0,0,6,6,0.026249426948134646,0.06138917550516468,0.08369746701899389,0.0352979485796361,0.921169700687418,0.011994868737117727,0.0038612251913518695,121,140,0.9165621474696478,0.03264124669102172,0.06643576814960693,0.03535315880806419,0.09315812192775641,0.03656874256347461,0.03946022249763788,0.09835714765134673
icmp,other,S0,1,121,17,0,0,0,0,0,0,0,0,0,0,0,0,0,0,0,0,4,7,0.03741471786924788,0.07337099049227062,0.018294526440704017,0.030273538847928494,0.9513353168858298,0.03364464484676072,0.07514553217205727,119,207,0.9839469522048329,0.026716025015841027,0.09213275151106207,0.01569352596269813,0.08254546079902006,0.0563340079758206,0.0887733810738752,0.00040870317098181677
icmp,ftp_data,SF,0,89,233,0,0,0,0,0,0,0,0,0,0,0,0,0,0,0,0,8,5,0.06942789204905711,0.08939241082743532,0.0007747119826562621,0.0871655146541986,0.9163783791393088,0.04826228829729713,0.0036040527938723923,119,189,0.9407774371358469,0.0953411950886053,0.041391710570154665,0.050445069896290155,0.00593076574180016,0.021965851300401663,0.08404118288262852,0.04601430488543056
icmp,eco_d,SF,1,237,7,0,0,0,0,0,0,0,0,0,0,0,0,0,0,0,0,7,2,0.02499105623580036,0.007877159268157198,0.036894884379729424,0.05599060188342306,0.9523579471439986,0.030470059733451207,0.003455722159558694,34,167,0.9171680585284003,0.04727723818548986,0.0839651215650534,0.07022995567596371,0.04453721678120342,0.06980070642038987,0.05430981796677186,0.08813883792699954
udp,other,SF,1,114,11,0,0,0,0,0,0,0,0,0,0,0,0,0,0,0,0,5,3,0.02661954536661928,0.09427097836181497,0.05074392932381481,0.021717138782191416,0.9283064245569422,0.026891037468045522,0.00854697536714446,58,151,0.9048980968777183,0.07052786845495611,0.0834373576455991,0.04382981909570324,0.0039458639488938576,0.07434121617705679,0.08762254709758702,0.00014875171875572413
tcp,eco_i,SF,0,213,102,0,0,0,0,0,0,0,0,0,0,0,0,0,0,0,0,6,2,0.02643411082493633,0.08660461838900001,0.00013772557642488525,0.053368129829435874,0.9774908757817949,0.06564414212619189,0.06776280213166289,10,188,0.9157322094656438,0.024251391493128317,0.09155686563825435,0.052237242987468284,0.050162812417319874,0.031113731468023854,0.09234046704499221,0.0415718992550597
udp,domain_u,S0,0,20,237,0,0,0,0,0,0,0,0,0,0,0,0,0,0,0,0,5,4,0.031185874591776987,0.04231030206689376,0.0667883224122912,0.09677840768527085,0.9882069508213476,0.053713604127088026,0.03916155179592956,31,34,0.9678508514295724,0.011449371434961287,0.04909074603506042,0.08903359040238244,0.04794270036218839,0.02598744471567077,0.09481669520350482,0.04723522652051485
icmp,domain_u,S0,0,214,189,0,0,0,0,0,0,0,0,0,0,0,0,0,0,0,0,4,5,0.07419459797228056,0.060622885216396784,0.035253282501354365,0.09028019359534356,0.9908945629698613,0.004513319566265428,0.031533893670656656,187,12,0.9242444344211586,0.056186561203423774,0.053436656730019516,0.017853845860504793,0.06850402211013594,0.010438041698222746,0.056996211416568236,0.023362916509856915
tcp,ftp_data,S0,0,165,55,0,0,0,1,0,0,0,0,0,0,0,0,0,0,0,0,5,8,0.037207076400257215,0.09047995231111505,0.08684809516407926,0.04359276818548982,0.9470608924173327,0.0371931608395535,0.01385124653250538,230,11,0.9729115792654525,0.021553544299441618,0.09663984830847909,0.05402468146651654,0.06860096737485379,0.06684220719267782,0.05229240966781684,0.03539660363030491
tcp,private,SF,2,10,131,0,0,0,0,0,0,0,0,0,0,0,0,0,0,0,0,2,4,0.059390364187949754,0.03718576133203524,0.08396572766882744,0.055261188459051605,0.9321815997595917,0.027685058458759217,0.05326671919520153,117,176,0.9386468116289352,0.06806204513617363,0.08230152194458668,0.07197166532011427,0.0840717007568312,0.0529021299958783,0.01725873822551115,0.08055392801770993
tcp,eco_i,RSTR,1,236,281,0,0,0,0,0,0,0,0,0,0,0,0,0,0,0,0,4,9,0.06578581467354384,0.040298041564460096,0.062321640212045996,0.05551528187904094,0.9569455130565854,0.004927103121050403,0.014608942918261258,103,12,0.9409470780311285,0.07962692762171383,0.03637090699906497,0.045836836240533134,0.0644248600942002,0.03449557313661846,0.07782549693188878,0.08912825855322552
udp,eco_d,SH,1,91,48,0,0,0,0,0,1,0,0,0,0,0,0,0,0,0,0,5,6,0.00047585811310963956,0.048285323455031386,0.08213499855612183,0.07230295161841198,0.9229983533502178,0.03624462653793007,0.023019122836127382,110,124,0.9011818278712894,0.04383014624334017,0.06227786842979606,0.03948481167477483,0.01609245230188534,0.09896264914183169,0.02332773723728926,0.013035449495119046
udp,eco_d,S0,0,16,654,0,0,0,0,0,0,0,0,0,0,0,0,0,0,0,0,5,3,0.052976175349660086,0.09142322564686667,0.04958013817136712,0.03291729291109043,0.9250088562090532,0.04823183817824536,0.08069457580063188,85,69,0.9328849324749704,0.05944002399805707,0.08784049889538831,0.014180023873027648,0.04642606313807011,0.09830834537061421,0.025974774574092932,0.06460454451751604
tcp,private,SH,0,70,80,0,0,0,0,0,0,0,0,0,0,0,0,0,0,0,0,8,7,0.051546447447922895,0.048937169265441796,0.09052580938882138,0.0796133144456524,0.9229538321951702,0.0941665583971647,0.0847775280517234,105,103,0.9594088532930705,0.030748319237357515,0.020751207784381942,0.02580755365477451,0.016795934876247632,0.0736911764887011,0.030939104429381206,0.05075970316713792
icmp,ftp_data,SH,1,94,38,0,0,0,0,0,0,0,0,0,0,0,0,0,0,0,0,6,6,0.039327156074795644,0.0617739601920344,0.013595987068118143,0.09692912109372528,0.9243706280944559,0.018631591834870842,0.09069683377671083,180,154,0.9685860371242073,0.03925174888115549,0.09832465698227637,0.01808592674279761,0.03462781851001097,0.006118935632818301,0.06620006517833163,0.05806874351452101
tcp,eco_d,RSTR,0,68,2,0,0,0,0,0,0,0,0,0,0,0,0,0,0,0,0,7,5,0.00983782572256865,0.035666892685778905,0.06488570809083426,0.04200420160903782,0.9004785267903749,0.019540883622002726,0.02459607554982849,4,66,0.981625366348839,0.012332278702900601,0.00041328134307405673,0.040642808040188064,0.05694147085363504,0.0655959636865769,0.04890689264074299,0.03989967285851046
udp,eco_d,S0,0,44,785,0,0,0,0,0,0,0,0,0,0,0,0,0,0,0,0,7,9,0.04484659481311262,0.03228116392585497,0.03277054587056201,0.056792116657592165,0.9851735715025266,0.08364310788220133,0.02294575555067363,146,146,0.9351405369678036,0.0968368869239163,0.09912812626117591,0.022776683730213965,0.07890239857545224,0.06432740034169246,0.08889840899110645,0.0756066072900657
tcp,http,S0,0,32,82,0,0,0,1,0,0,0,0,0,0,0,0,0,0,0,0,7,9,0.039897341491601714,0.03430169417546112,0.014117783044473586,0.0843583054111165,0.9058560240137375,0.05388583269671933,0.047614393706140706,221,221,0.9863327736038069,0.0487336769728605,0.03551591048974763,0.020774419152864265,0.018217175898976513,0.0431059018563587,0.013708346212399648,0.07749307516984022
tcp,ftp_data,SF,0,46,419,0,0,0,0,0,0,0,0,0,0,0,0,0,0,0,0,7,5,0.07554438093272672,0.09555462900918049,0.010462441564009762,0.09573403814048491,0.9978139408039979,0.06703124948005344,0.038024061227808714,254,196,0.9350274312622825,0.004391423593053967,0.0057713308273953275,0.0724807097379795,0.018212535548888974,0.07946117129424576,0.09457281562980935,0.024889897779568394
icmp,eco_d,REJ,1,60,91,0,0,0,0,0,1,0,0,0,0,0,0,0,0,0,0,8,3,0.060646752392409714,0.023989597717404623,0.08068460482788321,0.09567624301263888,0.9912681409464454,0.03152740075944407,0.05898390395832144,166,91,0.9893107274008938,0.016621308021993474,0.05152062700634872,0.0031478236328269407,0.04233140852492084,0.06952597283864874,0.0889244568463732,0.02844881340634574
icmp,other,RSTR,1,41,174,0,0,0,0,0,1,0,0,0,0,0,0,0,0,0,0,7,1,0.09913578707206107,0.07258501632501418,0.02318116378319003,0.02275221179651157,0.9268820274979231,0.01739545768154942,0.017854606680633302,119,1,0.9716904641575513,0.0609191242507682,0.05149623991310637,0.03436675822588418,0.06718987380123843,0.028685503281481308,0.01480471709666016,0.009913170974636065
udp,other,RSTR,6,45,230,0,0,0,0,0,0,0,0,0,0,0,0,0,0,0,0,7,4,0.028131033775626913,0.04271986466391878,0.09895788302718586,0.005705840872830281,0.9901555307942858,0.06441128568070346,0.08374149462740871,83,90,0.9387985748841671,0.07237801815819374,0.09233491091675781,0.019508584112676065,0.09174534653804889,0.02198430842639375,0.008290094140188853,0.013808802894554129
udp,domain_u,S0,0,86,137,0,0,0,0,0,0,0,0,0,0,0,0,0,0,0,0,7,5,0.05368356205052435,0.03178214995605038,0.06410532058086735,0.07892358264427683,0.934093166343739,0.018160977653346046,0.0408826493586307,57,179,0.9424236184233095,0.006781922998920876,0.058994740570353504,0.047271553797075365,0.06070090517545044,0.004701464766102226,0.09455740208070146,0.0860535569020875
tcp,ftp_data,S0,0,90,193,0,0,0,0,0,0,0,0,0,0,0,0,0,0,0,0,4,7,0.0532957619777804,0.05008987675004707,0.005426698931072393,0.04906315588077647,0.9069836878194781,0.08177718977826975,0.025789936179287456,60,180,0.9858217266711929,0.0555426062112234,0.03281760601418696,0.08727963655111796,0.06458814929635287,0.023275116211055692,0.07332168296582468,0.02799762651679747
udp,private,SF,0,141,206,0,0,0,2,0,0,0,0,0,0,0,0,0,0,0,0,1,3,0.01134571891805929,0.09128119289992433,0.020428618295719347,0.076818811308701,0.9054952387172496,0.04872247621837566,0.029820540886413616,52,188,0.9934213916292791,0.0747369274645115,0.08181248027998088,0.0756833761887824,0.0463361919658733,0.01368487968617197,0.006785530224343639,0.0864659563020695
icmp,http,SF,0,44,406,0,0,0,0,0,0,0,0,0,0,0,0,0,0,0,0,5,7,0.059517558467544474,0.09659145721679907,0.07632593879490328,0.04568608226893187,0.9059934171593124,0.036876937536037595,0.015307877505161572,250,81,0.9634898310248736,0.07722748814028287,0.08584429962209253,0.0022147618851900753,0.08061530018846602,0.007255992479874952,0.021221431659243385,0.0857915667691949
tcp,other,REJ,3,107,98,0,0,0,0,0,0,0,0,0,0,0,0,0,0,0,0,5,4,0.01784258202648521,0.07503903944716882,0.03491847249202863,0.010311577164942843,0.9319898096109802,0.019778989728658505,0.05413070222354565,73,178,0.9136752892075076,0.09117674136086731,0.08134829705505181,0.07494672873271252,0.06940395371500173,0.04637433238925498,0.05099498834082028,0.015190890504242228
tcp,ftp_data,SF,0,1,78,0,0,0,0,0,0,0,0,0,0,0,0,0,0,0,0,6,5,0.09974552884128562,0.0305936514496312,0.09319767452145296,0.043845574550698464,0.958394243083755,0.009030257436583089,0.07898544260424972,126,92,0.9472308228793215,0.07194156415213462,0.05833673659908215,0.001563299796379214,0.031401368814146895,0.08267039082056855,0.0462590805370117,0.03869508154605076
icmp,eco_i,SF,0,9,381,0,0,0,0,0,0,0,0,0,0,0,0,0,0,0,0,4,6,0.03740247996245399,0.05470349263318957,0.014597230736112266,0.03894014225618138,0.9110990360138215,0.07937524816191292,0.07273854419980001,172,138,0.9745251540055494,0.035582769131648095,0.07477854683009166,0.055555940944312154,0.06656769569551453,0.04766561528371543,0.03018052692648722,0.06348140040721983
tcp,other,SF,0,217,102,0,0,0,0,0,0,0,0,0,0,0,0,0,0,0,0,5,5,0.09109080312668832,0.008620162394804787,0.05760260634215158,0.03281771210971762,0.9158845166553042,0.02051251386287033,0.0917774147136138,106,114,0.9174946072874819,0.04820929048286731,0.04341525440939668,0.00731156955047061,0.0890208487732872,0.08826987230516851,0.06954086286262239,0.09491254439418194
udp,domain_u,SH,0,463,41,0,0,0,0,0,0,0,0,0,0,0,0,0,0,0,0,8,5,0.04890261647858196,0.07442185886404327,0.003867257995186291,0.04564871755302666,0.9550142006611227,0.013305204275489636,0.010862847208101156,26,47,0.9226592655853717,0.0066573040483936426,0.09701376827363453,0.009336896605663891,0.022163204995139876,0.02470538498001792,0.05284093131900761,0.04158668445877372
udp,ftp_data,SH,0,148,239,0,0,0,0,0,0,0,0,0,0,0,0,0,0,0,0,4,3,0.0674509606060426,0.026420272865706307,0.004084663459860027,0.03523983955658978,0.9251782802275893,0.08163502390835206,0.09131097476871707,120,142,0.9841209766973334,0.056550205794824115,0.05637243075964184,0.08562753823154988,0.04151263264380263,0.04424081710601562,0.08040212308459707,0.09306271725591422
icmp,ftp_data,SH,0,44,189,0,0,0,1,0,0,0,0,0,0,0,0,0,0,0,0,5,4,0.017620656945452708,0.07459816810374402,0.05074131194010559,0.017870793769707384,0.9981652496232121,0.04081962723883479,0.09142468311096026,192,138,0.9804439922804467,0.06304954332876599,0.07026983108750157,0.05977923468514073,0.02952649713810549,0.09727713286077683,0.06822815437582845,0.06571985957402322
udp,other,S0,0,19,65,0,0,0,0,0,0,0,0,0,0,0,0,0,0,0,0,5,3,0.06392083631580874,0.02237223612970514,0.0947246074157771,0.09687398000600846,0.9606101710976681,0.04423933091901197,0.09226310837925206,117,198,0.9336434085641159,0.09550365969190887,0.03112640092522161,0.09111148758147118,0.044944702659153304,0.03888091543936167,0.0039416114589292065,0.06927562397488485
icmp,http,SF,0,178,163,0,0,0,1,0,0,0,0,0,0,0,0,0,0,0,0,6,6,0.08232084398421718,0.04008864717926478,0.05769637795270849,0.09044167619689,0.9499989797027124,0.09048423598758902,0.07110458716345139,231,65,0.9255037092803597,0.08717815329940735,0.0009210252284736931,0.03391227826932961,0.017513135518862254,0.06371311343974133,0.05163344321600958,0.08659955878543862
icmp,ftp_data,S0,0,89,55,0,0,0,1,0,0,0,0,0,0,0,0,0,0,0,0,9,6,0.012172174040485784,0.06098986685725735,0.008906332748674672,0.061889602380635005,0.9152309341063639,0.02390662061643725,0.04289706255203527,54,137,0.9133508422340497,0.047053937665554206,0.028703939589806063,0.06916789094808798,0.06700686299955705,0.011390270258744862,0.06044775253857172,0.05113660899743663
icmp,eco_d,REJ,0,190,684,0,0,0,0,0,0,0,0,0,0,0,0,0,0,0,0,2,6,0.05047486614113581,0.056615118698159383,0.004445089371198996,0.05695317345181296,0.9368162511313664,0.07136537937777572,0.06305867804901423,200,200,0.9330755297864695,0.04579273656361287,0.06417777405677537,0.08662995547919716,0.06243371595217946,0.057754564896106766,0.07262520524260936,0.05487045115611838
tcp,other,REJ,0,53,126,0,0,0,0,0,0,0,0,0,0,0,0,0,0,0,0,7,6,0.08200750274648658,0.022595041053157107,0.06935777732312219,0.0753480332328104,0.9805929555326541,0.05534904804940204,0.06439934739068887,47,190,0.9516949326862549,0.039017365900801806,0.04491269348912885,0.037562266553795354,0.018323013942060463,0.08673092893615625,0.05798166893138129,0.08542333150376531
udp,private,SF,0,120,27,0,0,0,0,0,0,0,0,0,0,0,0,0,0,0,0,5,5,0.0627028956525029,0.09273559570369434,0.03562184739060503,0.0687990646761482,0.9592506614156233,0.09926553266739327,0.02634796435912781,66,85,0.9757572633536873,0.013594187325748852,0.03587964079205325,0.06734155259201967,0.012642515893945239,0.07084300194692769,0.09563478052970052,0.08909649283337655
icmp,private,SF,2,2,424,0,0,0,0,0,0,0,0,0,0,0,0,0,0,0,0,8,6,0.0551443316397654,0.09225556987130129,0.013524823992246904,0.006447393838560667,0.9496971920785704,0.08442117391057294,0.09356518978372529,220,93,0.968044546163281,0.010777736879228185,0.009537893954915534,0.009914198752699166,0.029198722126047495,0.042230897201738574,0.03942793940693358,0.025556887435690248
tcp,http,SH,0,42,27,0,0,0,0,0,0,0,0,0,0,0,0,0,0,0,0,2,5,0.0884649271213956,0.04623771717467955,0.0069668451337639775,0.07883043007332086,0.9869988497821449,0.035525615482512506,0.0655218455646878,59,254,0.9399311498358902,0.08181547934040927,0.047697403774719885,0.05884120815576735,2.306951326046525e-05,0.02770056642049821,0.09185295516198808,0.047084326177576775
tcp,private,REJ,0,46,55,0,0,0,0,0,0,0,0,0,0,0,0,0,0,0,0,6,7,0.013684699303353599,0.042546694838702395,0.07360132391751771,0.048199095350048606,0.9398882358954666,0.010721916765846906,0.024195120560563766,176,103,0.9005816041235194,0.059051214207009387,0.09433052736590683,0.0006878007758948535,0.04016150084185474,0.0014558719152002908,0.0035615768279061545,0.06967558590464391
tcp,eco_i,REJ,0,67,21,0,0,0,0,0,0,0,0,0,0,0,0,0,0,0,0,5,4,0.05823680568519906,0.039036420464150484,0.005705082091163716,0.05824574640917368,0.937911766121706,0.03913995065478022,0.03658058941774091,169,106,0.9862237241939065,0.07989147145370765,0.09564630072395026,0.0938176084794014,0.0259298741567925,0.07824742183760763,0.028321044269057617,0.04704419191882615
tcp,eco_i,SH,1,26,375,0,0,0,0,0,0,0,0,0,0,0,0,0,0,0,0,5,3,0.02883865453039072,0.08233913405053844,0.027417282386878652,0.03528649449698593,0.981511731462918,0.09136919894036602,0.07511561432021778,54,29,0.939468038543985,0.04331860935197205,0.049633032244039754,0.042931489550478354,0.06500855002598635,0.03739866425116877,0.07321951104243242,0.0032723835480661825
tcp,private,RSTR,2,15,142,0,0,0,0,0,0,0,0,0,0,0,0,0,0,0,0,10,8,0.009374280510460787,0.016175197883926674,0.09572793154879722,0.037228875706842725,0.9280532728461326,0.05408853366422729,0.03774631038828117,209,123,0.9786166702715161,0.050399196882909295,0.019153911981905802,0.056771952464868214,0.03525126666386726,0.04535241570489712,0.0773301805181999,0.074517650105874
udp,ftp_data,RSTR,1,57,158,0,0,0,0,0,0,0,0,0,0,0,0,0,0,0,0,1,7,0.0937219184917027,0.04703100051689727,0.005989044812711986,0.06805922133512225,0.9036533855292331,0.05246710957900618,0.027344921821858794,66,251,0.9325963081086766,0.025454113161398607,0.06520596803834253,0.06568235709513287,0.017968196143302053,0.024370113009051942,0.020522839308309938,0.094947398519643
icmp,eco_i,S0,2,5,23,0,0,0,1,0,0,0,0,0,0,0,0,0,0,0,0,5,3,0.017517204284904966,0.08258320383007511,0.03239492289054581,0.034511706025064426,0.9769303844932544,0.07753365942267205,0.09470623073551256,41,5,0.9383901712835565,0.006541794017631886,0.0704802580897011,0.09843075825357539,0.059965552684115964,0.021259636171044427,0.018201518525173932,0.07997783065068177
tcp,domain_u,RSTR,0,70,202,0,0,0,0,0,0,0,0,0,0,0,0,0,0,0,0,4,4,0.02245515904450082,0.02676247271382597,0.04306397804355601,0.07999802311580392,0.9759672007591145,0.06880439556105285,0.09797658262114661,100,244,0.9294625834509453,0.04819230475275021,0.023638470474051466,0.009427439020518192,0.032880279278227786,0.03936837612634965,0.0703149312264648,0.0006706994900360308
tcp,http,REJ,0,61,298,0,0,0,0,0,0,0,0,0,0,0,0,0,0,0,0,3,5,0.0719359447269024,0.06258749355171488,0.08947336056509517,0.0723023377221227,0.9440254595886761,0.05370254028889605,0.04630765452113649,0,84,0.9607800315874058,0.0018853409321936021,0.028943299438384498,0.07421861126035743,0.004544620280508893,0.006084492703141153,0.04610101260780496,0.08359483897319239
icmp,eco_i,REJ,1,68,650,0,0,0,1,0,0,0,0,0,0,0,0,0,0,0,0,5,3,0.07567440768811412,0.09816287139894019,0.044526075893749045,0.009940886623388946,0.9380454199356631,0.022303264555126292,0.004589374235066002,202,152,0.913345130047369,0.08130283319618865,0.08230480697094608,0.020315721038726132,0.060796986505560605,0.024822000713382343,0.008570969162676656,0.010200146418769119
icmp,eco_d,SH,0,108,172,0,0,0,0,0,0,0,0,0,0,0,0,0,0,0,0,3,7,0.05150052429156896,0.055030289659113475,0.0060504165059027115,0.09536269166760786,0.9311265738656325,0.038026118426067804,0.02152139941514715,139,253,0.9209750348691906,0.09699345193258958,0.08829753369365499,0.00044249109395655406,0.07435710370758786,0.08478333176565622,0.0016188762615444775,0.043115982233077
udp,domain_u,RSTR,0,230,9,0,0,0,0,0,0,0,0,0,0,0,0,0,0,0,0,2,8,0.08657894544998677,0.02520979712665966,0.005597224633429454,0.07680212313178969,0.939625927133048,0.07583408153203205,0.05528645615419693,54,130,0.9736135056056958,0.07783400796438303,0.003634645748955079,0.08858824003982033,0.028688625356250764,0.046283934439466025,0.0522078791737938,0.040277963861830315
tcp,private,SF,1,315,145,0,0,0,0,0,0,0,0,0,0,0,0,0,0,0,0,5,3,0.0706003440840631,0.08631271554747882,0.09876339588794791,0.04055544430127618,0.9772353154642954,0.013231457434464855,0.061798248267427795,148,22,0.9999489660268296,0.004407003074979554,0.05572403781734672,0.04937497254934842,0.09824434414366179,0.0015705283079819445,0.08594527926306335,0.031308247459653264
udp,ftp_data,REJ,0,20,174,0,0,0,0,0,0,0,0,0,0,0,0,0,0,0,0,4,5,0.09628911789383013,0.0842828062391682,0.02461778127925426,0.024045911166213588,0.9277773443623241,0.04006691662482368,0.09467578667888965,87,109,0.9521573177169209,0.000673588887750909,0.052434923902552534,0.09320509534530123,0.07888042215196184,0.05538149434943741,0.04628955170845942,0.037037230675137776
icmp,eco_i,S0,1,20,157,0,0,0,0,0,0,0,0,0,0,0,0,0,0,0,0,6,2,0.005735886191042683,0.04859782050305475,0.020847037380005054,0.02327730021854646,0.9260290381228047,0.010643846639666655,0.003859687437328374,235,109,0.9709809966747937,0.0791326350532248,0.010939202298658891,0.004035687144672395,0.060693335334206656,0.0048176687546979576,0.07944095057761202,0.046869647362083634
tcp,private,SH,0,588,348,0,0,0,0,0,0,0,0,0,0,0,0,0,0,0,0,5,3,0.04197216089202778,0.054452148464824136,0.051745112445287844,0.004263216537682213,0.9840527402679837,0.04604395135150116,0.012942312106951171,46,39,0.9915791193726394,0.012026618594834438,0.08716539663026976,0.049567297704701196,0.0052456033526183336,0.06693593541230947,0.0960065557720345,0.008149310399056841
icmp,domain_u,SF,1,107,297,0,0,0,0,0,0,0,0,0,0,0,0,0,0,0,0,3,2,0.005099155974843273,0.07978159576475005,0.055584758532902456,0.04365694307403254,0.9600977567238869,0.06693085088709615,0.06630343728623633,24,213,0.9553492373668988,0.014798065320252263,0.040579277955108885,0.0012386184506498867,0.07866206934748518,0.02167043148811262,0.030158420295695865,0.07335750313235477
tcp,private,SH,1,90,308,0,0,0,0,0,0,0,0,0,0,0,0,0,0,0,0,4,5,0.09517431262049847,0.042655377994245486,0.058347627855053846,0.0850358654840959,0.9184482481347501,0.0894646147463316,0.06294016824498914,136,248,0.9404589095169955,0.06935378552424819,0.01112936578984628,0.04742000355660654,0.06344892774190257,0.011890034530444704,0.01706474305187995,0.01175230346777393
udp,ftp_data,S0,0,91,179,0,0,0,0,0,0,0,0,0,0,0,0,0,0,0,0,3,5,0.021901848887459642,0.04676429540932497,0.02204227029377337,0.07814775138787809,0.9912745004840211,0.08680145987041676,0.04738899601462916,11,30,0.9373134088812597,0.041091264434468436,0.01856885958168555,0.07576720423046662,0.05138465926156414,0.059548490377045266,0.06295641049165762,0.059820064298018644
tcp,http,REJ,0,40,50,0,0,0,0,0,0,0,0,0,0,0,0,0,0,0,0,3,4,0.005336246364618081,0.034008287313627275,0.06297146636385097,0.09665368439919975,0.9648958135701957,0.004564798162231975,0.09616470133484331,0,112,0.9024733456795965,0.05519489488534071,0.0747609385171542,0.025480680653875366,0.07652995788903744,0.06493125922984695,0.0015640165609477454,0.09285784032363525
udp,domain_u,REJ,4,17,66,0,0,0,1,0,0,0,0,0,0,0,0,0,0,0,0,5,3,0.06368738897361352,0.08339252545974975,0.07590014821011767,0.07152525692202175,0.9683433800166977,0.029154862844968765,0.020084505803225808,142,79,0.9581560827248068,0.07405283022304476,0.01812163275344103,0.030946577398027843,0.057648548145513526,0.06302834910665002,0.037429146790109495,0.08210863139093927
icmp,domain_u,SF,0,75,254,0,0,0,0,0,0,0,0,0,0,0,0,0,0,0,0,4,8,0.030219047533834878,0.0682367300353988,0.04792499593822058,0.05098520674875737,0.9024785212596781,0.08490326965800454,0.056774782173205876,96,55,0.9829288203679369,0.057733291503768706,0.07031988262489017,0.05474581359325168,0.02028945916447752,0.04575832554791486,0.06453010771924143,0.052858246110018096
tcp,eco_i,S0,3,29,53,0,0,0,0,0,0,0,0,0,0,0,0,0,0,0,0,2,4,0.07089985441425443,0.09201357785440885,0.05420919530607791,0.027009377969071515,0.9711771197259688,0.009484332608700486,0.011765863530811016,35,253,0.9177756220825453,0.044458505702935504,0.012567629533829873,0.03727333029851494,0.05230869505044231,0.005271280965033976,0.007224993505566624,0.0019270972947554755
tcp,http,RSTR,1,14,59,0,0,0,0,0,0,0,0,0,0,0,0,0,0,0,0,4,14,0.06886071060192608,0.0376766743209377,0.07839625447713705,0.041117107778082834,0.9717115329099177,0.037251733893902496,0.03307038619870802,94,15,0.9472558191498721,0.04024265190487411,0.035757443822069024,0.09180746632216402,0.05252108999331976,0.03188243719060008,0.09613660581148092,0.037067525526331906
tcp,eco_d,REJ,0,186,67,0,0,0,0,0,0,0,0,0,0,0,0,0,0,0,0,4,11,0.03367884377410759,0.07751074090112631,0.033084833896795576,0.08372574326451487,0.9440495901356589,0.07198332769829525,0.04335320186567763,62,32,0.9774119998503602,0.05555996268163056,0.016614599753233317,0.056649771858527646,0.0470927981144357,0.041249738841663844,0.07039977104097027,0.04765494612520674
udp,private,REJ,0,108,213,0,0,0,1,0,0,0,0,0,0,0,0,0,0,0,0,3,4,0.05540357606463157,0.0184732439509963,0.0975175448680563,0.03969962551940995,0.958229011080051,0.03463973469733576,0.05261379441086203,51,15,0.9406897065157622,0.06448885903798317,0.0045439119287715496,0.048725250498578246,0.05555898638469811,0.07459462805947242,0.03617307341859573,0.005264160423306974
icmp,domain_u,SF,0,63,190,0,0,0,1,0,1,0,0,0,0,0,0,0,0,0,0,4,5,0.07994963829741784,0.08251372036804565,0.05562252489042616,0.035951718530081035,0.959008251209735,0.06640603011883511,0.034329022599472674,43,166,0.9816397740629066,0.05022154180877813,0.059360951598005265,0.053970317687365134,0.09116595726919416,0.06639040877793818,0.004293042166604188,0.06378753797319514
icmp,other,RSTR,0,61,272,0,0,0,0,0,0,0,0,0,0,0,0,0,0,0,0,8,6,0.08838144681055919,0.07988521260625142,0.025464624547024996,0.06224225853456085,0.9037486555134012,0.0032357988832400378,0.05519032262357362,95,243,0.9002676171301968,0.06384674916596013,0.09565273697237758,0.06571164938270622,0.07166082941158919,0.01585121480523478,0.07194550101004187,0.06152908071004535
tcp,eco_d,RSTR,0,73,30,0,0,0,0,0,0,0,0,0,0,0,0,0,0,0,0,5,4,0.09401578287833225,0.09289524911139158,0.01967592473387141,0.03344812373730469,0.9723712874398882,0.024382742593676312,0.007459423100151408,67,229,0.9648366231138433,0.012783190443943084,0.025604768672692537,0.0841686380261495,0.0440617646172536,0.0935255251538251,0.009338662224061779,0.056323752045497444
icmp,eco_i,SF,1,190,126,0,0,0,0,0,0,0,0,0,0,0,0,0,0,0,0,7,5,0.09817506919427883,0.014698894967548826,0.0848151905154263,0.0640746856073283,0.9373727074575289,0.020559046397203018,0.07494784446133101,198,177,0.9200346831127167,0.06943281395749673,0.06451258423429491,0.06585070800962735,0.047801575687795285,0.06256007609548996,0.061880940751069216,0.05909314145416196
icmp,other,REJ,1,182,46,0,0,0,0,0,0,0,0,0,0,0,0,0,0,0,0,4,8,0.09780796536797012,0.009469268159737044,0.028909084768314455,0.015197431465017164,0.9493042119406364,0.0022123035446491635,0.006060768578276754,48,140,0.9029415976189092,0.029290143941246793,0.0013320373726278924,0.008886335377835564,0.040324202565799085,0.046428896748240495,0.09368518236344736,0.020269233926992647
tcp,eco_d,SF,1,260,304,0,0,0,0,0,0,0,0,0,0,0,0,0,0,0,0,5,6,0.07651799250229462,0.03997079085328367,0.02521057543374111,0.0019768894503792377,0.9124574896211092,0.08145536968626693,0.07383940791164087,246,249,0.9662841702764252,0.02291471502300002,0.022238368888961968,0.023290908691211955,0.03534875517642188,0.017525879764258446,0.08920322734483312,0.03160036085693183
udp,http,RSTR,0,178,185,0,0,0,0,0,0,0,0,0,0,0,0,0,0,0,0,3,3,0.06536631765184528,0.04100065644726003,0.06926905529975666,0.05734502188220489,0.9765809932143523,0.018072939579056726,0.07858657345537658,165,230,0.9335149963761877,0.05304852085734645,0.07799996308477558,0.05528415734375064,0.05142674810933663,0.033600040452575565,0.045151161646625165,0.07230713940472609
udp,http,SF,0,31,664,0,0,0,0,0,0,0,0,0,0,0,0,0,0,0,0,4,0,0.00035762080452059756,0.09601253334385912,0.0008906555497070423,0.0040147933877774265,0.9077247483262431,0.08115826916991936,0.002720295050681143,216,126,0.9643771633310257,0.03160977516542719,0.019292165490916138,0.0048616262093928,0.024840115587671508,0.04769991907379503,0.06271211127810007,0.07370604746274627
tcp,ftp_data,REJ,1,194,296,0,0,0,0,0,0,0,0,0,0,0,0,0,0,0,0,8,8,0.026795424878227427,0.07206786236159195,0.0014545051147738077,0.04685384107564178,0.9946782310897914,0.049183637599151446,0.08768393204490077,182,69,0.9483029920155618,0.015484774643088284,0.022872431430305443,0.08620498116001796,0.06892588324333165,0.04824131180523207,0.03140660111682888,0.02354816990004214
udp,other,S0,0,27,192,0,0,0,0,0,0,0,0,0,0,0,0,0,0,0,0,5,8,0.09876591524925427,0.06194276423996771,0.09679644611888333,0.0806705437624911,0.9134110352782461,0.009535823093100117,0.08744131554411577,36,92,0.9943251026455079,0.0697118798116173,0.06604319141553215,0.04235939746279865,0.02536273895018262,0.06403016346021943,0.03687668959361917,0.08775950086574474
udp,eco_i,SF,0,62,382,0,0,0,0,0,0,0,0,0,0,0,0,0,0,0,0,3,7,0.0480360062618792,0.06967930725232423,0.05216487703826355,0.09939641951272375,0.9044469534076577,0.01702185303585928,0.0322430450995978,242,121,0.9007266968276499,0.0798570809438045,0.07106016503064831,0.09429437083741606,0.09246356305166403,0.024004934426481085,0.0004840881784422657,0.0875263766797474
icmp,domain_u,RSTR,1,127,8,0,0,0,1,0,0,0,0,0,0,0,0,0,0,0,0,4,9,0.038969658169791525,0.06034850525639334,0.05261914104041537,0.03577603316384148,0.9625274300983052,0.08015470309192456,0.06481971000923142,82,32,0.9782566698787285,0.06368996410469077,0.020823945394636292,0.09766380490534206,0.04511220122914274,0.03385419696580582,0.0032117029895898487,0.04875726747652165
icmp,other,SF,0,216,175,0,0,0,0,0,0,0,0,0,0,0,0,0,0,0,0,10,2,0.029227918300972336,0.07071472647483341,0.07879243813167175,0.05698927660407021,0.9475744987745153,0.03543056778538798,0.052098872255768605,107,191,0.9007487358002377,0.09601616599115037,0.04505597208207882,0.02777446919678772,0.07261159412321232,0.00043967982526910143,0.007827542113600738,0.07656004398129812
udp,http,S0,1,4,202,0,0,0,0,0,0,0,0,0,0,0,0,0,0,0,0,4,5,0.06942348796488178,0.07804014084739913,0.0001376052681833051,0.034637914935019866,0.9843352386729157,0.019329856896908318,0.05749283399269002,250,10,0.9914534354668815,0.08942214893398479,0.07312251920947059,0.06944963554974402,0.00919073233862786,0.07288815884212922,0.045114505067341104,0.09491112325824207
icmp,other,SH,0,3,323,0,0,0,0,0,0,0,0,0,0,0,0,0,0,0,0,7,3,0.0099337045345815,0.012187784781731194,0.03471297640313103,0.04039337817621063,0.9203610152962198,0.08413662945279608,0.0850292323532883,207,96,0.9392518557605128,0.035633193462897395,0.06684818150706166,0.08863422785202905,0.0772603857457273,0.07844983340633134,0.09014008517851535,0.0172696603787482
tcp,private,SF,0,98,173,0,0,0,0,0,0,0,0,0,0,0,0,0,0,0,0,7,5,0.0985140597972006,0.01549641258376301,0.050227389926200364,0.08677936692228627,0.9544305636115888,0.006126627399335439,0.035401251337261234,0,183,0.9761166098177481,0.010138071839667773,0.0007300041151000136,0.04844330795236004,0.06829381616029255,0.014944058221843394,0.06104662721310558,0.010260947430543167
icmp,eco_d,S0,4,278,918,0,0,0,0,0,0,0,0,0,0,0,0,0,0,0,0,4,4,0.09454955988846482,0.008474234636842548,0.08509663472278858,0.08559336304233636,0.9462119070975928,0.014983087979250576,0.05082682057034115,71,35,0.9964395785193632,0.05829441406436436,0.014684025705757732,0.04283199846674231,0.06831743663946897,0.04908924113546312,0.06135113200337408,0.06186659570004978
icmp,private,S0,0,54,102,0,0,0,0,0,0,0,0,0,0,0,0,0,0,0,0,2,5,0.012398962182163187,0.09325940400376631,0.05300918447869116,0.020145388082352913,0.9807564169905147,0.0560040488058674,0.08477957518763499,126,68,0.9334115926624605,0.0675147892273565,0.042059654729634355,0.0746236542971364,0.05439981012957404,0.06106307357948602,0.07233580692395382,0.041071963372235856
udp,domain_u,SF,1,0,147,0,0,0,0,0,0,0,0,0,0,0,0,0,0,0,0,5,9,0.011259975121435985,0.029211614847908907,0.0472222263901482,0.014185189734472714,0.933516748829078,0.08018900238321582,0.0030221165100045356,45,98,0.9982349669881495,0.07519039772626249,0.04574407277164849,0.05891318274026839,0.005062967779730899,0.01222442223444794,0.07975389942308342,0.027655174157573847
icmp,domain_u,SF,1,114,7,0,0,0,0,0,1,0,0,0,0,0,0,0,0,0,0,4,8,0.015403037610448657,0.015160254185950418,0.037822066020513516,0.05642531095256899,0.9597680744672176,0.09295547946206358,0.06501442774603947,94,164,0.9037835027023573,0.010658390172788457,0.008095706461895325,0.0284524129174777,0.09498538808098218,0.03887594986180085,0.06090843114732119,0.06118426793137956
udp,http,REJ,0,273,361,0,0,0,0,0,0,0,0,0,0,0,0,0,0,0,0,8,4,0.05408699877873349,0.046692146206968856,0.03727426779380131,0.045321365678328424,0.9423371260003118,0.035903319046683306,0.03406460005899381,176,227,0.9380825389076927,0.07831838833319849,0.08762247274987624,0.05936655795994664,0.09814565351223278,0.07467889190485354,0.052979671315263155,0.021618333659637935
tcp,other,SF,1,22,215,0,0,0,0,0,0,0,0,0,0,0,0,0,0,0,0,6,3,0.02838740635533048,0.0668551238408417,0.07308532218557962,0.07413307477976312,0.9418386234057041,0.02626204070472994,0.05090717352862137,245,38,0.902897094792986,0.04018518049909895,0.00974523691064122,0.052717577729788745,0.06720185393379567,0.009705521369094984,0.049293395149514176,0.09910140282066657
tcp,domain_u,SF,0,1,217,0,0,0,0,0,1,0,0,0,0,0,0,0,0,0,0,3,9,0.06445409068175555,0.015387154038021024,0.07490262322276282,0.08116526318926616,0.9016153691784202,0.057806964651288706,0.0016743386316995902,171,130,0.9869425610103676,0.05426162180690091,0.08631765966082715,0.011522442401620016,0.032407799316700146,0.03597452315974186,0.02517977809726687,0.04593132837462698
icmp,private,RSTR,1,27,33,0,0,0,0,0,0,0,0,0,0,0,0,0,0,0,0,7,5,0.09746962343388776,0.02404592406088848,0.09546551502994871,0.022533750630079133,0.9957222107227682,0.005796888785563637,0.07212465319772601,194,115,0.9852310466435209,0.01413003182247148,0.05592671174393465,0.03228496169731867,0.09799405581759979,0.02554859071005765,0.04290133272432483,0.015367199030052216
icmp,private,SH,0,40,41,0,0,0,0,0,0,0,0,0,0,0,0,0,0,0,0,3,3,0.08539509417049404,0.08719477896047682,0.05683842552295493,0.0680623988732101,0.9956329194620352,0.01105755053718981,0.034678053780912134,249,140,0.9185781659499141,0.08271700328209197,0.08985055685138216,0.0490278079334896,0.023389023061623528,0.006243081990208988,0.031555807753480346,0.008779508476529274
udp,http,RSTR,0,186,216,0,0,0,0,0,0,0,0,0,0,0,0,0,0,0,0,10,6,0.04552733434549727,0.003609794010022616,0.053424555567266135,0.013980402019976535,0.997020608634301,0.0996995685556286,0.08531360206218008,18,21,0.9737482418601945,0.07769495501189302,0.05421002735590061,0.031218407985549493,0.022562447260620434,0.04711005579807172,0.025200420698287075,0.08792338780899547
udp,eco_d,S0,2,49,12,0,0,0,0,0,0,0,0,0,0,0,0,0,0,0,0,2,8,0.041842232241952396,0.03636239190091264,0.03322628565949566,0.07843252581817606,0.98984751483716,0.029252816502769365,0.009428906176336016,94,52,0.9055049114063762,0.09383047407574274,0.03728067376564478,0.031169706916792318,0.03743302485559548,0.0808814913165057,0.09673907204055171,0.003600214826306569
icmp,http,SH,2,103,795,0,0,0,0,0,0,0,0,0,0,0,0,0,0,0,0,1,3,0.09819995632168319,0.04523175738679235,0.058609799634073416,0.037470031826383636,0.9506377683635187,0.08061017742114573,0.09312978876594757,76,141,0.9552996127319634,0.05945965508185095,0.0667175227122244,0.03857043565077722,0.004964904797198244,0.04467873169428822,0.07238383517731771,0.06806947804501769
udp,domain_u,SF,2,84,110,0,0,0,0,0,0,0,0,0,0,0,0,0,0,0,0,6,7,0.04632652575559437,0.04091710666770587,0.0211862196873011,0.005877378163061442,0.9432129368234126,0.0638145978696347,0.04391918024210278,47,182,0.9674972432032671,0.027745775084041593,0.0027555981657869212,0.061487675827987066,0.0852162756183445,0.08813781909378023,0.08541457401113965,0.03565629324263769
udp,ftp_data,SF,0,39,303,0,0,0,0,0,0,0,0,0,0,0,0,0,0,0,0,7,6,0.059550056000508195,0.03133918435988196,0.08903355885171672,0.041428746340281375,0.9232579534234409,0.07440111635945185,0.018449633000959753,245,79,0.9565486809295728,0.033011210352102305,0.01036102859866197,0.05876460656181096,0.038600605782364406,0.0785602371531816,0.07433646383899536,0.06682899950151347
udp,domain_u,REJ,1,65,94,0,0,0,0,0,0,0,0,0,0,0,0,0,0,0,0,3,10,0.030231391935292395,0.08982490811030336,0.00322355396157491,0.09737541114164944,0.9431203862371866,0.0032129922862797924,0.035552023810084245,120,33,0.9348389074332316,0.05973667479232067,0.05032485386991684,0.026498001507083358,0.08042838749612774,0.030910032263912403,0.04911495424720363,0.04588452905696588
icmp,other,RSTR,0,123,6,0,0,0,0,0,0,0,0,0,0,0,0,0,0,0,0,4,5,0.08666655305612103,0.06382826182988192,0.08756556043517372,0.02213963516354387,0.9726713147972279,0.03940323374076602,0.08006383729468018,172,13,0.9924112667651398,0.036118294528634756,0.005164632691400661,0.0337006798011983,0.07735153809744087,0.08992949426989483,0.025939848633944596,0.0017522157768477987
udp,eco_d,SF,1,38,11,0,0,0,0,0,0,0,0,0,0,0,0,0,0,0,0,10,4,0.09445545280113199,0.0801344357326482,0.09899546657294775,0.04239231462735418,0.9225971712883417,0.05502770231824773,0.06573284194470194,139,109,0.9151804143472982,0.049331282840812944,0.06769729043766484,0.07648693877393875,0.024026804308226492,0.031064887511685537,0.03207143841158973,0.05967136350594369
tcp,eco_d,REJ,0,2,58,0,0,0,0,0,0,0,0,0,0,0,0,0,0,0,0,6,6,0.017126442409920672,0.029561588468184588,0.044036616571749024,0.0672146859610983,0.9917918798309113,0.04876101912524044,0.08345279619860496,185,81,0.9082477814075604,0.06374505499716897,0.09173354209776446,0.04404146581715344,0.014064087629804612,0.047414162029086465,0.044019595004370096,0.017422494201853655
icmp,ftp_data,SH,0,78,41,0,0,0,0,0,0,0,0,0,0,0,0,0,0,0,0,8,5,0.04980270105516774,0.04765550110265729,0.0013904649773463507,0.014166540342022095,0.954962615070408,0.08136611067012056,0.07788331095565286,221,127,0.9141841740318456,0.08577301290648247,0.013534055920778288,0.06604066396005621,0.055604822403251424,0.08657542898990868,0.05594814124994847,0.026150564535307532
tcp,private,REJ,0,18,45,0,0,0,0,0,0,0,0,0,0,0,0,0,0,0,0,3,5,0.07441364587271627,0.06700603663352779,0.019977218981452993,0.012809282449841631,0.9619056450512794,0.01322934144191783,0.009201073741297184,27,90,0.9323708012903922,0.07402970355934227,0.018199603712848036,0.05059471456266931,0.0416819823966946,0.07869218655407689,0.05759428944785612,0.004723642286067697
tcp,eco_d,SF,0,75,71,0,0,0,0,0,0,0,0,0,0,0,0,0,0,0,0,2,4,0.007086636955289727,0.09160494453455514,0.09301738094972842,0.06455568276468863,0.9723348664231267,0.08858938102968,0.09689640392957476,3,165,0.917820679180036,0.06733557284483849,0.027269526054552275,0.0165668637095446,0.07005415092939954,0.05539100618572429,0.09183812277506342,0.0392759799610152
udp,other,REJ,0,38,98,0,0,0,0,0,0,0,0,0,0,0,0,0,0,0,0,9,7,0.07494579499728572,0.06641824156195816,0.028640902834163973,0.07788890703317214,0.999901494138971,0.0405606920539265,0.0590333881648146,12,119,0.9120553703700667,0.09601106424741007,0.09462025729414632,0.017741321278112444,0.017673808907058552,0.02798421815813179,0.0024713897165709268,0.0023688617889177535
tcp,eco_d,REJ,0,63,698,0,0,0,0,0,0,0,0,0,0,0,0,0,0,0,0,4,6,0.08654871304150895,0.03587574638950656,0.018084655721849054,0.06126925620843733,0.9416893683934618,0.021278665660189412,0.03136653899267385,209,78,0.9794770793616987,0.022547811560498898,0.02568787057129082,0.008645354421401519,0.036492767606245945,0.06901369783462406,0.0029074798859037077,0.040318367718602914
icmp,other,S0,1,5,276,0,0,0,0,0,0,0,0,0,0,0,0,0,0,0,0,7,7,0.03801279097509702,0.00996560412391091,0.02671224946276586,0.027154817165238012,0.9798236006247927,0.0855570987575775,0.024282517347697576,3,213,0.9163011761722332,0.09062240747949568,0.043388203368025395,0.08932670595937181,0.026748210756138327,0.07924903649026069,0.08503838419608298,0.049711747769773086
tcp,private,SH,0,154,216,0,0,0,0,0,0,0,0,0,0,0,0,0,0,0,0,7,3,0.031117913695372312,0.08836545825747287,0.006333686707153963,0.07354080054520555,0.9326234588888317,0.05024837370818939,0.05211925191207287,194,239,0.9193170507827176,0.0001602153814917351,0.07175935403115317,0.05838332451247779,0.031267834950933826,0.06875853453682167,0.03436408346209768,0.05731240992091753
udp,domain_u,REJ,0,54,41,0,0,0,0,0,0,0,0,0,0,0,0,0,0,0,0,7,1,0.03788319819259435,0.03517013498194476,0.05982988593541991,0.052160225912746355,0.9697863072953364,0.059494340142662284,0.006700899133771566,224,82,0.9543166340679278,0.018185904453193714,0.05922528807921676,0.07275460268647585,0.016158905467972495,0.08851571608212741,0.012691097922580098,0.03548947485070466
icmp,ftp_data,SF,1,93,328,0,0,0,0,0,1,0,0,0,0,0,0,0,0,0,0,1,9,0.08236925485966945,0.003843332619379336,0.09809375595392766,0.08332824561800622,0.9608032922214079,0.0915099285510063,0.03152072041842413,78,153,0.9963777525457607,0.09614650855039399,0.07686933328801256,0.07894145122073852,0.032569379577154015,0.030999403794586735,0.037753502514674714,0.08459448293812438
tcp,eco_i,REJ,0,83,145,0,0,0,0,0,0,0,0,0,0,0,0,0,0,0,0,4,3,0.016978951898096107,0.06728678038049424,0.05758843509083501,0.009090168917968822,0.9632123819441997,0.0938554443748186,0.0239852839459215,27,13,0.9743179547158751,0.090345317263278,0.04318160778110996,0.029593376494742953,0.08153179905571101,0.01270040430242938,0.04330945104186258,0.03231886929965714
udp,eco_d,SH,0,151,217,0,0,0,0,0,0,0,0,0,0,0,0,0,0,0,0,7,7,0.012497306981805756,0.007217925762100064,0.0031475524692960223,0.022070742685498204,0.9329550109605103,0.04146348105213399,0.08083556255710181,206,92,0.9298108786028054,0.04286733092882288,0.07936325766545507,0.05739648994326091,0.022219478179010023,0.0914739074777702,0.054644833101262086,0.09888406452008836
udp,other,RSTR,0,227,42,0,0,0,0,0,0,0,0,0,0,0,0,0,0,0,0,3,2,0.09498829100535358,0.07613235386681401,0.09159459599302412,0.09608505800356998,0.9901769903468002,0.07727034124934898,0.04764105019777583,53,251,0.9247635310198783,0.07807996092634817,0.050864330782657036,0.06161519528522679,0.07650954917710495,0.09279027398754247,0.020827833564737844,0.03965200989235277
udp,eco_d,REJ,1,114,205,0,0,0,0,0,0,0,0,0,0,0,0,0,0,0,0,10,3,0.09453863526924819,6.395483641976619e-05,0.026174629579877852,0.08621327144344464,0.9695987796701186,0.07914622918012287,0.033136542094041446,96,172,0.9724744767439197,0.03694569101742928,0.04258224284634942,0.05372174559229004,0.042354475013655135,0.06549994068504869,0.05944886604178823,0.09121322194814135
udp,domain_u,SH,0,41,61,0,0,0,0,0,0,0,0,0,0,0,0,0,0,0,0,1,6,0.035265054989213916,0.015300287295347315,0.07881850147634771,0.005846754411280442,0.9540949045407571,0.0391312268430245,0.0425891947836976,249,234,0.9734394081324653,0.09566490889021857,0.043849036648749576,0.04875940798933642,0.09869888847295283,0.07629236138727095,0.013691521203067348,0.024997013363665777
tcp,other,SF,0,17,70,0,0,0,0,0,0,0,0,0,0,0,0,0,0,0,0,5,4,0.007109887874874677,0.0028153218639045633,0.018384818322769583,0.09880478338015644,0.9469360537350078,0.007806875877537523,0.07508237868970907,55,17,0.9562650210474541,0.033734608797386136,0.005822138439247004,0.07106473143757601,0.04047258353505476,0.04013529598265378,0.03316170727068346,0.07183840532367407
udp,private,SF,1,14,54,0,0,0,0,0,0,0,0,0,0,0,0,0,0,0,0,4,6,0.058397972368847875,0.02327922386659105,0.0687982763384023,0.023485845123595896,0.9261468961033011,0.04027578686418043,0.08891945173790013,83,141,0.9093087597295133,0.0858913745420793,0.008413800186084253,0.0441082656302321,0.09083199590662154,0.08700252038887642,0.03135166326629968,0.0397214043117273
udp,http,RSTR,4,129,303,0,0,0,0,0,0,0,0,0,0,0,0,0,0,0,0,5,3,0.0631984102456128,0.02530252183644657,0.07787851135048113,0.05290073168110196,0.9124863547975589,0.06498028647659816,0.0943917131770274,1,14,0.9796102437209965,0.06100336793825695,0.09762655429610717,0.0899864485145199,0.08153698941956528,0.06089104399530133,0.06284565771719805,0.0060153123194341745
tcp,other,SH,0,19,218,0,0,0,0,0,0,0,0,0,0,0,0,0,0,0,0,9,5,0.03198788958930685,0.056597070569578904,0.05302025576270173,0.04998644188813675,0.9405399664294152,0.012596876181306105,0.09712233443481426,99,4,0.9342539614356807,0.053185734539171185,0.017474393715174796,0.08886839833708078,0.06828116376787692,0.05390489433390331,0.08072347185930195,0.0204639495120577
udp,eco_d,SH,1,58,226,0,0,0,0,0,1,0,0,0,0,0,0,0,0,0,0,3,3,0.055898235334718216,0.03948419439450099,0.044203161160193696,0.04735502336349902,0.9980260372960731,0.07935349864770286,0.026092175847497835,90,222,0.9370012766490624,0.03396621266912121,0.04224809806951423,0.06291259338123616,0.02397797755559048,0.028307552067387245,0.006133958939633966,0.013002781628665938
udp,eco_i,SF,0,48,64,0,0,0,0,0,0,0,0,0,0,0,0,0,0,0,0,9,4,0.06773630182702284,0.0529938343408148,0.08857014143475433,0.09732307130356625,0.9926821581558019,0.009218328525820042,0.032928945818392744,5,11,0.9934429933948179,0.0931769114834632,0.017817728320940262,0.021482583118539067,0.05591206610702129,0.007737934931283986,0.08415942373959433,0.041650108978594315
udp,eco_i,S0,0,57,31,0,0,0,0,0,0,0,0,0,0,0,0,0,0,0,0,5,6,0.09189048673169584,0.04170350647415401,0.03166747691222517,0.03111212006306896,0.9469149297064184,0.001967674174110401,0.04654085304815844,82,18,0.9351655143176806,0.012081785926669942,0.08608453389366867,0.031525698318446815,0.044381490907762944,0.016980554501874946,0.006797949145580307,0.07565212565031353
udp,ftp_data,SF,2,40,256,0,0,0,0,0,0,0,0,0,0,0,0,0,0,0,0,5,6,0.09407965660201267,0.08618852257059592,0.03483678850522646,0.09659587812167537,0.9563867168635193,0.05627754827832148,0.007570264676291805,9,142,0.9078657197410135,0.09463496586062582,0.02581268129509349,0.0700073387195087,0.07266025540460536,0.0486206532414763,0.07528853639043581,0.00038700705896610454
tcp,ftp_data,S0,1,161,64,0,0,0,0,0,0,0,0,0,0,0,0,0,0,0,0,4,3,0.06071204830804272,0.08500716434699945,0.005994600043302489,0.007062709913823895,0.9206781608066169,0.06342599454639174,0.026694841582340412,171,108,0.9888800976451679,0.015825251539549657,0.027312084423188245,0.04023486196928375,0.08799780585523732,0.012865316305284515,0.03932676812343453,0.007060773512846208
udp,eco_i,S0,0,6,309,0,0,0,0,0,0,0,0,0,0,0,0,0,0,0,0,9,4,0.025795319250199435,0.07848491909221716,0.05309920756929827,0.03595738133691206,0.9320352513291926,0.006639268137386334,0.0995474091028003,76,241,0.9527566031513761,0.014975749910918624,0.06441748978380193,0.07311117749060578,0.013149998520579898,0.08908477091230546,0.06346766167932501,0.03369483377404079
tcp,eco_i,RSTR,0,169,141,0,0,0,0,0,0,0,0,0,0,0,0,0,0,0,0,7,5,0.030340838457871125,0.09951570563673205,0.009181751653180904,0.02519525526851525,0.9946658526654389,0.04296966142250267,0.08700931274498507,169,42,0.9257123261241786,0.022614380734275796,0.07468856126258604,0.015890019708884595,0.07950717452334236,0.022875192251651234,0.08209353102756978,0.013436011658680014
icmp,other,SF,0,71,353,0,0,0,0,0,0,0,0,0,0,0,0,0,0,0,0,6,5,0.08720993279949489,0.08069083823622455,0.08687739077258831,0.036587155070881804,0.9936832414003551,0.012158228796470561,0.05924695714600575,27,31,0.995864774417345,0.0005952694696223726,0.08593578173184496,0.08713321025060115,0.04547357343721356,0.002789445660296586,0.03762378066739555,0.03648894689356286
icmp,other,REJ,1,78,67,0,0,0,0,0,0,0,0,0,0,0,0,0,0,0,0,7,3,0.08600390323965658,0.015289100466889216,0.014844221334509267,0.08135346736502282,0.974275095285618,0.07964292136240589,0.09095367494910397,37,221,0.9050914290054322,0.014609859555760864,0.0055729301052640295,0.054057821141341056,0.014241948012179774,0.07304242883534846,0.06027341123269643,0.0665447444985911
tcp,domain_u,SF,0,144,11,0,0,0,0,0,0,0,0,0,0,0,0,0,0,0,0,4,4,0.043752916270411994,0.015706401029055527,0.03340974777936625,0.0011713015960441943,0.920772665928371,0.04951832981823595,0.04492426195758499,71,35,0.9867525492999516,0.07860847891166915,0.022663257615552247,0.05336998316303283,0.08499131534802291,0.03748647654140835,0.07061109546336829,0.07495036126153048
icmp,other,RSTR,0,3,104,0,0,0,0,0,0,0,0,0,0,0,0,0,0,0,0,8,5,0.024983760377454547,0.05657111291428305,0.012392950703125039,0.021003473813109786,0.9343813810177195,0.08956479503690727,0.09117142183057797,46,23,0.9958055108388608,0.014700396934605054,0.020642973782394627,0.02812797411064101,0.04717517619310044,0.07462075730220057,0.07096196911520072,0.06659143898499365
udp,domain_u,REJ,0,289,327,0,0,0,1,0,0,0,0,0,0,0,0,0,0,0,0,1,8,0.08229703153405041,0.07223855809810217,0.06661384618852244,0.025464831520867384,0.9380191323812862,0.06789240162611941,0.007242395766788413,51,73,0.907910836803001,0.047110343601682106,0.04946852715804384,0.0870058281670944,0.006114235721219752,0.07371738501946401,0.005991633780244677,0.019086790272370015
tcp,domain_u,REJ,2,242,66,0,0,0,1,0,1,0,0,0,0,0,0,0,0,0,0,4,4,0.026096887962385996,0.08717997945067672,0.07603074601312235,0.08535108841703548,0.9281109551474251,0.018128278592824145,0.03851486872491699,221,48,0.9656326820874676,0.09194168744451231,0.022370328384342622,0.08500445972313445,0.05164602418517528,0.02688390343824487,0.08073241015241844,0.01381186681576533
tcp,http,SF,0,3,99,0,0,0,0,0,0,0,0,0,0,0,0,0,0,0,0,2,8,0.01148267785955448,0.05916096625271594,0.027740235216131715,0.06252958643182682,0.9380376715783822,0.08357358703805928,0.016355913470186334,77,54,0.9416979969809987,0.07055627221184478,0.016890321785022432,0.025902588516229275,0.0759575946036231,0.05595773212944737,0.07561387117603804,0.08039026818919988
udp,http,S0,0,42,144,0,0,0,0,0,0,0,0,0,0,0,0,0,0,0,0,8,2,0.0453960482148744,0.08154119497506783,0.04317299959205535,0.09837223121951902,0.983003232888161,0.0658243719144177,0.08949201890364972,89,122,0.9544519339203867,0.055457847776227455,0.07645720491271256,0.007929925540934668,0.022934936055437918,0.07777480424860829,0.028799228857045278,0.08339278835725274
udp,http,RSTR,1,177,194,0,0,0,0,0,0,0,0,0,0,0,0,0,0,0,0,2,4,0.07894999034319501,0.07922411939718935,0.007110405765914429,0.010977740062866349,0.9321197211324558,0.07333224981251336,0.05984691149364078,164,166,0.9053629364666459,0.0994037852726412,0.0446692782044296,0.046437474071368036,0.08584951947116953,0.038956427310862074,0.06104676524165636,0.09424005336694317
icmp,eco_i,RSTR,0,21,354,0,0,0,0,0,0,0,0,0,0,0,0,0,0,0,0,4,7,0.048336913038210375,0.04224809949848261,0.08232121096498708,0.04664331900290292,0.9082713147416498,0.04780880350664425,0.033881717378975995,55,34,0.9829697712576446,0.023117179747810968,0.015027567943338815,0.04166811368632026,0.026498836591628383,0.06146261486445486,0.0613942913052455,0.015769698376823692
icmp,http,REJ,0,304,198,0,0,0,0,0,0,0,0,0,0,0,0,0,0,0,0,3,4,0.07527774277404714,0.03776168903435865,0.05088591651204654,0.04131227739538891,0.9028603316578291,0.09997127495307107,0.09879178017418283,180,105,0.9800566387874439,0.008792151834830541,0.06196904271883862,0.056120632448823086,0.09314408160565377,0.057525958547334104,0.09035600350275728,0.09756550170432793
udp,private,RSTR,0,8,386,0,0,0,0,0,0,0,0,0,0,0,0,0,0,0,0,7,5,0.008478299005244262,0.0075526037160885354,0.055280338139718804,0.0030690154660462767,0.9301777041534763,0.03953685549075511,0.07108265974913279,20,126,0.9036449454533648,0.03223500689853135,0.0017349491220780555,0.008740498760812055,0.004123311552289055,0.027285799866210193,0.01539354936114481,0.08091633300684344
tcp,eco_i,S0,0,23,26,0,0,0,0,0,0,0,0,0,0,0,0,0,0,0,0,3,2,0.0625011696689012,0.032936026952707254,0.09491136510829891,0.016982550021630183,0.9423608514317536,0.006114165876073852,0.047022717985658206,7,221,0.9752811619987188,0.05609039289632598,0.0021939970600032945,0.006316169450219089,0.061912036189320244,0.0813928248945709,0.06972167940864592,0.017396049765366395
tcp,eco_d,SF,0,84,142,0,0,0,1,0,0,0,0,0,0,0,0,0,0,0,0,4,3,0.09383565434892391,0.041578441518301174,0.003572955288199009,0.03638513244105845,0.9104054049181137,0.05578828905792989,0.029465663533252407,91,212,0.9002666134423524,0.09220645632381003,0.049924521580362785,0.02266866307564206,0.08980696367849705,0.03223382333101994,0.09372068286809214,0.030829278723836152
tcp,http,RSTR,1,70,46,0,0,0,1,0,0,0,0,0,0,0,0,0,0,0,0,9,5,0.06569695447878578,0.07562657294616117,0.031916570760179744,0.08603523072888195,0.9544465102641305,0.03564537915072829,0.09182392135831385,58,36,0.9742270210774975,0.012437866429966938,0.003387932863420329,0.043030429730068764,0.0008600677003457569,0.027626040349244676,0.029494764477341718,0.011310010587014852
icmp,ftp_data,SF,0,159,79,0,0,0,0,0,0,0,0,0,0,0,0,0,0,0,0,0,2,0.08817549887227384,0.0424082334467651,0.017872112103171113,0.07203458173309413,0.9161305738287594,0.09744361864320139,0.040132444010008296,45,101,0.9143332928111867,0.034493251735133935,0.06808163360233752,0.0038278541361952303,0.08106860074960753,0.06379182009513355,0.030728932552879375,0.0287917886239241
icmp,domain_u,REJ,0,172,242,0,0,0,0,0,0,0,0,0,0,0,0,0,0,0,0,6,8,0.055071840105067695,0.06766508090688561,0.0803229130464101,0.028375627822337737,0.9923221847540245,0.06277680949162151,0.08436267768995523,112,17,0.9013787618116428,0.023098812206839847,0.06808953117776503,0.034499428002476684,0.049609792440240434,0.06464215409330819,0.09248781738839114,0.07018144681523152
udp,http,SF,0,61,373,0,0,0,0,0,0,0,0,0,0,0,0,0,0,0,0,5,2,0.06289460933066675,0.0687553845448271,0.055022084741148475,0.09461055395360128,0.9589666417277656,0.09994254263753023,0.011906366565268924,168,121,0.9445773890976795,0.05417938730548766,0.0858173453834112,0.026356748200619718,0.05014215629027544,0.017460399198345578,0.015281907235085546,0.02677369941020179
udp,http,SH,0,92,38,0,0,0,0,0,0,0,0,0,0,0,0,0,0,0,0,3,7,0.0768591457308243,0.0807067304164418,0.005521167328678078,0.02711914903150844,0.9072471687584409,0.0823247253070984,0.05825548454293,171,8,0.9354808540825947,0.03234813072655104,0.023849230971655977,0.0011603913700929836,0.0754253227860745,0.09341350032676987,0.08941377301210415,0.05299927120381538
icmp,ftp_data,SH,1,92,182,0,0,0,0,0,0,0,0,0,0,0,0,0,0,0,0,4,5,0.058169571719769775,0.038518026618676975,0.04858398212546187,0.05235321199874887,0.9870908206851389,0.035902609915008134,0.052966143824969336,153,194,0.9568071256526347,0.06981349047769479,0.022714370108915152,0.016317453348827417,0.04834159356998268,0.026237705123960144,0.026123055032999,0.042965554221763416
icmp,http,S0,0,225,276,0,0,0,0,0,0,0,0,0,0,0,0,0,0,0,0,5,1,0.04983583994649855,0.025299813892798763,0.01664205913742739,0.037000780765812015,0.9280637437530853,0.029495229051487548,0.028437046799691147,147,238,0.9256760500695491,0.027657296304207924,0.09984567434542153,0.09142746036190123,0.0495604139899011,0.026946085454393077,0.08626084982165955,0.05817686066685504
icmp,eco_d,S0,1,139,93,0,0,0,0,0,0,0,0,0,0,0,0,0,0,0,0,3,9,0.046492915081708566,0.08244553137779623,0.07324318025666403,0.0932220867246181,0.942867129645904,0.023595418919551893,0.015643457804494366,62,214,0.9419115978307696,0.05738259261374066,0.0008947153902598148,0.02661329418647598,0.06514421338177194,0.05329196495224994,0.04006442108314219,0.029625837836360983
tcp,eco_d,REJ,2,58,750,0,0,0,0,0,0,0,0,0,0,0,0,0,0,0,0,4,4,0.03632213206383183,0.047302375048959504,0.07725245368602143,0.07954750750718889,0.935241622515962,0.03371368771954763,0.037321916285350365,68,68,0.9119377074931525,0.09163664725513403,0.014779755682706142,0.09508175908503856,0.0850861508773969,0.02136204794716995,0.02362917568979608,0.024644033047167203
tcp,other,SH,0,72,17,0,0,0,0,0,0,0,0,0,0,0,0,0,0,0,0,7,6,0.07805809930186806,0.03789204677185958,0.02761059084495795,0.07968017491438878,0.9695130498478748,0.00765973531680817,0.07563795483696951,45,210,0.922729008066582,0.08435988662968052,0.02893865242289284,0.04053518458601466,0.00185045997979576,0.04910644650884576,0.05311766265819147,0.035010584284866975
icmp,domain_u,SH,1,7,35,0,0,0,0,0,0,0,0,0,0,0,0,0,0,0,0,3,5,0.06564076803840746,0.05955162251410439,0.04187957876728613,0.07923696220288973,0.9837769987080383,0.09924268253845546,0.003810672198073739,188,61,0.976346159491416,0.04790298870455054,0.08657555114230753,0.02622268716984787,0.01798093586181857,0.008435284963027357,0.019863637981720184,0.055355400235581234
icmp,eco_i,SH,0,74,381,0,0,0,0,0,0,0,0,0,0,0,0,0,0,0,0,4,6,0.08602148103348072,0.007590299609453777,0.021212655939405946,0.06677477348217635,0.9766602573623653,0.04824895561103687,0.03240401878236123,126,241,0.9648486169272916,0.02047129632005982,0.028588712430431054,0.021364077078884703,0.0617288021621099,0.056742191225530106,0.05193724565133108,0.0848481314862809
tcp,domain_u,REJ,0,78,99,0,0,0,0,0,0,0,0,0,0,0,0,0,0,0,0,4,7,0.01971509290520347,0.07707951644930823,0.007307888132168228,0.08956007799760576,0.9718025596901806,0.06059229424486478,0.09216078675144271,157,107,0.9788576409404075,0.05316055704320034,0.025637469097343737,0.005826450314775256,0.01816827822067322,0.03884484132430982,0.09286252326961635,0.017201615218940026
icmp,eco_d,RSTR,1,244,600,0,0,0,0,0,0,0,0,0,0,0,0,0,0,0,0,4,3,0.02241628810105253,0.003079028108776838,0.0576094779181871,0.07894181313985521,0.931509385044223,0.04106387333890204,0.08595400057710292,115,123,0.9508539336860612,0.07327488886458215,0.05620130849955082,0.086494602290112,0.002957216414745223,0.06328517757987413,0.012463409147953054,0.06676830907830171
udp,http,S0,0,2,47,0,0,0,0,0,0,0,0,0,0,0,0,0,0,0,0,9,8,0.01342915413321244,0.04561551201028141,0.07059772013208862,0.09813338962358528,0.9616812923404519,0.06447489913659801,0.011946977380387148,241,174,0.9453314908290532,0.06819298650411733,0.02395588715550121,0.08845864428052218,0.06387492292273807,0.08781160975947659,0.08159478246114737,0.08697194694943328
tcp,http,S0,1,123,93,0,0,0,0,0,0,0,0,0,0,0,0,0,0,0,0,4,4,0.08714693829778075,0.005022596543095759,0.045297703640745035,0.04463775722218181,0.9216386693928583,0.0025521142429336344,0.04109883414461857,138,76,0.9133460291846173,0.09293020276772776,0.09194756055055292,0.0795693983554048,0.02492423711537194,0.08616419297849584,0.049589865107503045,0.08406093836222601
udp,ftp_data,SF,0,86,14,0,0,0,0,0,0,0,0,0,0,0,0,0,0,0,0,2,6,0.057149367249855955,0.04984913017434109,0.015542310050898935,0.046916123976396364,0.9485636440047925,0.06779195671266011,0.01475700264650649,242,107,0.9820617372617596,0.08159656844828903,0.0020317509115283295,0.030321128921830823,0.07533304258891493,0.03151583009729594,0.04491471484445325,0.06097788298898075
tcp,domain_u,SF,0,140,332,0,0,0,0,0,0,0,0,0,0,0,0,0,0,0,0,3,8,0.0178271874492312,0.08956209111466717,0.00021916105588679625,0.094294236420712,0.9397792435755189,0.09342836787278325,0.039769633468278845,53,215,0.9834726317445892,0.0178308487086292,0.017269328784655515,0.09777605547670276,0.05432157882317751,0.09009890346883831,0.06314222450555017,0.009511839902547803
icmp,eco_i,SH,1,64,101,0,0,0,0,0,0,0,0,0,0,0,0,0,0,0,0,8,11,0.08792041820525875,0.091690295579414,0.06561495033861382,0.021285084560823453,0.9877240898858074,0.023741948503871037,0.03029673427632671,190,235,0.9139746822025971,0.05531440684537714,0.05173946439425584,0.09846653712536964,0.08730117401645099,0.0020992520232986367,0.006179933041072627,0.019305552779461534
udp,other,SF,1,93,227,0,0,0,0,0,0,0,0,0,0,0,0,0,0,0,0,2,2,0.06502787664461439,0.04530811350218849,0.06980839890637086,0.08970804230188628,0.9284798966010395,0.08857211347070702,0.04078591783876467,34,112,0.9788426919241052,0.027603216537898302,0.025208470287612663,0.08583818631378912,0.059391965418456316,0.09074807534735457,0.0003893842105744172,0.03273207034947747
udp,eco_i,S0,0,11,206,0,0,0,0,0,0,0,0,0,0,0,0,0,0,0,0,7,7,0.026763482747767665,0.0074392974914235695,0.051707888616610236,0.07462620309116388,0.9819540497758033,0.04487811167353754,0.03602862592634039,18,244,0.9131034696985771,0.030174844497595756,0.062309119543384195,0.014879956907556537,0.030850863790887584,0.0001890776370309544,0.06719627943389954,0.05207132068967513
icmp,eco_d,RSTR,0,295,168,0,0,0,0,0,0,0,0,0,0,0,0,0,0,0,0,6,8,0.09702578564481745,0.06654262442932647,0.031196878820436837,0.009651627422892162,0.9305250661838308,0.004935364374129747,0.07109802066885322,43,72,0.9724331104560401,0.012593838788244206,0.00768107241417535,0.03533155801604039,0.0330818065591712,0.002102066340431952,0.08657645074985287,0.08735784803582301
tcp,domain_u,S0,1,213,94,0,0,0,0,0,0,0,0,0,0,0,0,0,0,0,0,5,6,0.07292838582727983,0.0032735108812415484,0.023893920704469707,0.0890928061993871,0.9389085997848267,0.04710634530966856,0.06626422717377053,16,15,0.9802543811216033,0.07930458846650665,0.04860323866950217,0.04028658155620221,0.004280654221553948,0.03618843052655211,0.022716660318372408,0.07316982884302757
tcp,http,SF,0,78,401,0,0,0,0,0,0,0,0,0,0,0,0,0,0,0,0,6,3,0.03294237512382627,0.003133685470647674,0.06536987208672361,0.09899714789778968,0.9706306297641772,0.04704146274812259,0.07943888162592871,210,172,0.9891782938820627,0.03875727610583327,0.034804308844567804,0.08947476320001846,0.02842827631112358,0.06719215985618353,0.040214757467645704,0.06957843744750665
tcp,private,SH,0,620,257,0,0,0,1,0,0,0,0,0,0,0,0,0,0,0,0,6,2,0.01824104876712144,0.02945267212914613,0.07645937383026528,0.034469376439058876,0.9777536808944174,0.044577689731595475,0.04430499425848982,48,237,0.9743548276238533,0.09054128895420299,0.04159424858307882,0.0494497025142808,0.06010014694985726,0.013342021383763414,0.05890040106885646,0.04787099829833239
udp,eco_i,REJ,1,13,199,0,0,0,0,0,1,0,0,0,0,0,0,0,0,0,0,3,4,0.030259764060568062,0.044504808946428026,0.064288777683411,0.02751081022665728,0.9518114927199407,0.024657140866508043,0.03623060066096229,239,201,0.9288798084032134,0.006054011642928115,0.03477230818181089,0.09059197948124884,0.08087513049845903,0.0718989222814058,0.05394993274656891,0.021879167571920346
udp,eco_d,S0,0,241,261,0,0,0,0,0,0,0,0,0,0,0,0,0,0,0,0,7,4,0.025095176746272818,0.060985521764589795,0.08597308531622967,0.0667478339241824,0.9676076430817104,0.08588627581074548,0.07591887155116565,188,37,0.9026079808011009,0.06154712492280591,0.031878059418598295,0.09941150104988528,0.031098456957392842,0.061656060972676854,0.04072275640670784,0.024573554557314484
udp,ftp_data,S0,0,17,194,0,0,0,1,0,0,0,0,0,0,0,0,0,0,0,0,6,7,0.04916826770573405,0.0129188326796719,0.0863395521761664,0.025019220226629203,0.9363645634016131,0.009264299377861995,0.011636998922281962,81,111,0.9424795993462299,0.009403093600753844,0.06750488584072788,0.008317214574533395,0.02256043477475871,0.08983561861321025,0.033361835654315435,0.031716638256202245
udp,ftp_data,SH,0,198,58,0,0,0,0,0,0,0,0,0,0,0,0,0,0,0,0,4,5,0.061449498318962625,0.047819220644579975,0.06740550427746153,0.05065654231166675,0.9533191393143092,0.08113350687515337,0.029867660410961838,85,41,0.9507081269856078,0.09040979068798573,0.04390500178140877,0.03407115782562755,0.08333812042615854,0.042556249131264746,0.08651069241224375,0.03526586225147745
udp,eco_i,REJ,1,7,169,0,0,0,1,0,0,0,0,0,0,0,0,0,0,0,0,4,6,0.04527313927966281,0.03327497581050204,0.041078184717628086,0.010232240200141096,0.937714603554015,0.040504930690380386,0.07970549518845826,189,177,0.9103951788528956,0.07258650903126976,0.034295924574638696,0.06926975977052892,0.034029583469228866,0.03564191602876878,0.007293639340875436,0.015040462405197975
tcp,ftp_data,S0,0,6,61,0,0,0,0,0,0,0,0,0,0,0,0,0,0,0,0,6,7,0.08294029728167755,0.08586164089225629,0.003005569262621166,0.07146355413003402,0.9053577822115787,0.0818788837385596,0.0985622707347958,110,198,0.9647099371617568,0.09222920194630241,0.06937505568034691,0.02879889907418627,0.03446532745349924,0.07644836350862076,0.095479313229299,0.08829438488250085
icmp,domain_u,SH,0,16,199,0,0,0,0,0,0,0,0,0,0,0,0,0,0,0,0,5,6,0.02359593813882608,0.06819764175542756,0.010926841346852168,0.06267662446373344,0.9108357620121144,0.004798745354323542,0.024424384297240642,3,36,0.9532474711361967,0.038957130677454946,0.08831384100118811,0.09906915574019196,0.004584919596252401,0.026703701746946886,0.0031117520388315393,0.07481898669875436
icmp,private,S0,0,94,230,0,0,0,0,0,0,0,0,0,0,0,0,0,0,0,0,2,7,0.07450015268176391,0.008737732843962287,0.04435658104296687,0.03248903594305704,0.9523217303144318,0.04350374410686243,0.045776872830444695,32,116,0.9224795674057114,0.023552461383520087,0.09762689167598693,0.008353712806501911,0.02714950425404582,0.021563368896485136,0.06744027041806878,0.05343343467291267
udp,other,SF,1,19,181,0,0,0,0,0,0,0,0,0,0,0,0,0,0,0,0,5,5,0.07437243136658177,0.024417695227443904,0.02957415962758461,0.0656860530778841,0.9586655354624098,0.06269048865912907,0.07028766173388028,191,98,0.982704418954437,0.011659616912022787,0.08716653388540838,0.043231094588773916,0.04117541919420197,0.09359166502013165,0.07733530002885228,0.09945471570247823
icmp,private,RSTR,0,7,73,0,0,0,0,0,0,0,0,0,0,0,0,0,0,0,0,7,5,0.049028963201364545,0.060223735751318945,0.005246277829748281,0.029538754362214592,0.9512429943889837,0.04404887871798999,0.04802025446169922,90,20,0.9847181716343684,0.06912505286848272,0.07684025960414104,0.04982512083290019,0.06521188403491421,0.07302237591204692,0.05376807251950047,0.02637785653902407
tcp,ftp_data,SH,1,2,248,0,0,0,0,0,0,0,0,0,0,0,0,0,0,0,0,4,5,0.08074577320728467,0.03136439531377199,0.029016242009043403,0.002342236715901147,0.9399541337069559,0.09609693810060034,0.08638207806028994,102,216,0.9411151129929739,0.053709897940878694,0.014024800437154518,0.08476428399990692,0.020102831625738227,0.03302637595085374,0.027979804714713587,0.05967886138407259
tcp,ftp_data,REJ,0,30,214,0,0,0,0,0,0,0,0,0,0,0,0,0,0,0,0,6,1,0.08972216700384006,0.026643557934140017,0.026428715411489223,0.06211698609446695,0.9768492737230565,0.030308756255635005,0.05776438232150595,221,57,0.9665769635778946,0.07514774265526915,0.048341721512726116,0.029633474321570652,0.04979593716746616,0.03081141739325262,0.08243827178099843,0.07988093342806823
udp,private,S0,0,24,202,0,0,0,0,0,0,0,0,0,0,0,0,0,0,0,0,5,7,0.006209602264099956,0.015748076762712504,0.045092170996798644,0.06644549800065093,0.9739960640993253,0.042374862666151696,0.0892225721408748,215,131,0.9540762348765427,0.004902319115230725,0.05348752850559128,0.03620366558046271,0.08342521708814785,0.024204155575688613,0.0172198297061981,0.09676383547822948
icmp,other,SH,0,157,124,0,0,0,0,0,0,0,0,0,0,0,0,0,0,0,0,5,2,0.01556586888946243,0.09103013571192262,0.022661552249223095,0.07530443252128545,0.9980959183124678,0.0847278861777407,0.036917883770698094,200,219,0.978661790144469,0.07751983099827109,0.005360802193258563,0.05331993909484291,0.02175708643677922,0.05100490781814626,0.000842280482403135,0.07706300740891547
tcp,eco_d,RSTR,0,70,391,0,0,0,0,0,0,0,0,0,0,0,0,0,0,0,0,5,3,0.04380582607383872,0.018408359685762855,0.024545846023921847,0.018723194610313666,0.9060172857526996,0.09688156923219457,0.017715199779752278,182,222,0.9543716184055735,0.07191081994500258,0.09538157302514975,0.04736110108100361,0.04021853337192658,0.044906082280648976,0.026383856134796924,0.08105780824621098
tcp,ftp_data,SF,1,179,278,0,0,0,0,0,0,0,0,0,0,0,0,0,0,0,0,3,10,0.05605588343997578,0.04631672512340639,0.08601274468381305,0.07705721152442987,0.975503333763043,0.0993731380930156,0.06784380615233379,253,82,0.9571849081365953,0.004846028180490947,0.08836359896768237,0.060260688901804464,0.0833721129461775,0.004370834797419176,0.07726806735217155,0.07137884116377892
icmp,http,SF,0,175,48,0,0,0,0,0,1,0,0,0,0,0,0,0,0,0,0,8,3,0.06402053887297494,0.056314926011275857,0.09401794410117251,0.06079531594497958,0.9232164630426435,0.029161297288478306,0.08868812228017858,165,236,0.913314637962517,0.047917579455859706,0.08515369716798377,0.03217804998738349,0.035093492997282115,0.06748156482251595,0.09582315411507253,0.04090908552639855
tcp,other,RSTR,1,16,298,0,0,0,0,0,0,0,0,0,0,0,0,0,0,0,0,5,4,0.004022499955138037,0.08943538892618991,0.04207481651598071,0.00599028385692898,0.9650432630446899,0.05433508639993863,0.051362360349600206,131,218,0.9459337199519666,0.0543711294292894,0.04537197101200191,0.09672724808228682,0.08658049023871724,0.09571463707330052,0.0704321287352043,0.052013139991759674
tcp,private,SF,0,278,210,0,0,0,0,0,0,0,0,0,0,0,0,0,0,0,0,5,3,0.05168810678844099,0.005878342530786585,0.006163500971714409,0.05376490974735017,0.9871523114637795,0.09354151784786424,0.06269705227218117,140,101,0.9272362920122795,0.006474903437275515,0.05047678373066247,0.037493411274607834,0.03053362979858212,0.0844524154763615,0.07617950122684902,0.0206720615579031
udp,other,RSTR,0,52,11,0,0,0,0,0,0,0,0,0,0,0,0,0,0,0,0,6,9,0.07233491762362601,0.005198078088280789,0.08205503074728508,0.008376167065115426,0.9446043059538404,0.023834445005863115,0.06831607747214942,246,177,0.9399661850804338,0.032874905630510376,0.015237217971957996,0.051202966485835756,0.024274425382272993,0.06271307142643699,0.030493567414492065,0.04311063171533617
icmp,eco_d,SF,4,36,134,0,0,0,0,0,0,0,0,0,0,0,0,0,0,0,0,5,5,0.020065684537401096,0.04394635855907223,0.0970798071025647,0.0007199109601333742,0.9710780699354385,0.012914104671301352,0.003822455320589824,240,145,0.9577226327576545,0.09487814136952527,0.047483137347762765,0.07936713972384228,0.0070236919148362505,0.07621236627113714,0.03533466216433375,0.0319535762002243
icmp,http,S0,0,77,271,0,0,0,1,0,0,0,0,0,0,0,0,0,0,0,0,6,2,0.0064133682074002385,0.09739651406716127,0.06584172093415101,0.08656451232357273,0.9995048957912636,0.017255274701022474,0.03949660205001272,74,162,0.9156451419456504,0.08407772127356254,0.07699568767486922,0.05024111442085989,0.03225615092783645,0.04796211185592125,0.04795505982688532,0.07164357938517102
tcp,private,SF,2,41,210,0,0,0,0,0,0,0,0,0,0,0,0,0,0,0,0,9,2,0.04584943761917906,0.015288822488596832,0.07796800205063988,0.03528843770249379,0.9294187171794286,0.051929525642527466,0.05067887794682688,161,201,0.9787047752619508,0.023414923613980176,0.06036244319462758,0.09158413938208747,0.08289043132598954,0.01675817281079558,0.05498246815628504,0.02914402575718692
udp,eco_d,SH,0,47,17,0,0,0,0,0,0,0,0,0,0,0,0,0,0,0,0,4,6,0.00992053606172355,0.005541286207629226,0.05813008480547615,0.019356943374532743,0.9252184281834264,0.04700678903559052,0.051121574280184795,157,236,0.980585849087668,0.029677510752522077,0.043727506496342494,0.09552220860752583,0.05680126110336164,0.0586660988386499,0.06673180162261363,0.049494230946833265
tcp,private,REJ,2,216,288,0,0,0,0,0,1,0,0,0,0,0,0,0,0,0,0,6,3,0.018618037349558615,0.0062731881218787925,0.018729553052794036,0.022524569382498097,0.9407426101510643,0.09467668966250588,0.03732038706854842,7,124,0.9696024148109564,0.03224198817033659,0.0389315968716777,0.08382572921082022,0.08062168017801236,0.07432492407430158,0.0780919070948858,0.01027359190959103
icmp,eco_i,RSTR,0,280,203,0,0,0,0,0,0,0,0,0,0,0,0,0,0,0,0,3,2,0.022685410266619056,0.09961872060579607,0.011645364629363797,0.013243860239079131,0.9595296160960348,0.033521365601814644,0.09678493801324498,210,120,0.9860446216401809,0.07463739742537245,0.0912481503041595,0.024788305951708223,0.051279337090700754,0.09378799798555132,0.09957802370082121,0.018085067588752068
tcp,private,S0,0,67,436,0,0,0,0,0,0,0,0,0,0,0,0,0,0,0,0,7,10,0.04905041314068551,0.08388317165172234,0.07222049478697332,0.0919722393184751,0.9350938267510989,0.006934535664330055,0.008434629690647856,11,74,0.9785130303855949,0.06470014637458121,0.02082054964862128,0.00501507736681921,0.01659558160088789,0.0381819121603624,0.0047050676102748275,0.011277031520961857
icmp,http,S0,2,87,157,0,0,0,0,0,0,0,0,0,0,0,0,0,0,0,0,6,5,0.005685368961269266,0.008911270285948625,0.09452690059095017,0.007567244001793094,0.9530944422376866,0.0381810023743185,0.07793747451694627,40,87,0.9607418462029467,0.013771709542419852,0.016397711983647378,0.013250183402501892,0.030039443813034916,0.07121121319313177,0.003182528425147291,0.053005206180458654
icmp,private,S0,1,127,225,0,0,0,0,0,0,0,0,0,0,0,0,0,0,0,0,3,4,0.0366197390343142,0.04452662089697146,0.07690755625859334,0.08972359658014534,0.9672303075969526,0.0690527124447724,0.05086487459084295,152,26,0.9314527123771458,0.047890997324175746,0.05937162822810893,0.009904974198135186,0.0856708356638496,0.09759360270360384,0.04803763103450707,0.06085405998510251
udp,eco_d,SH,0,145,355,0,0,0,1,0,0,0,0,0,0,0,0,0,0,0,0,8,5,0.04504796148441018,0.004989924240100852,0.01408086328855206,0.09812881963262438,0.9588350268266999,0.054629553465317664,0.022636554815070223,210,197,0.9099764621554728,0.06056499529290652,0.043925507993458617,0.020773327456666046,0.05124611000242982,0.08431198825987428,0.0607398325138539,0.01376949897016503
udp,http,S0,0,51,82,0,0,0,1,0,0,0,0,0,0,0,0,0,0,0,0,4,2,0.02096216454340948,0.04267463373026296,0.08629217220516998,0.027260038321630167,0.905553797677234,0.06559488805557957,0.014570989715253058,167,30,0.929405147815174,0.05129997178054534,0.01972188985756289,0.00725246671850387,0.05049586962062248,0.039857361753973745,0.08939114555912589,0.06683383973074664
icmp,private,S0,0,134,224,0,0,0,0,0,0,0,0,0,0,0,0,0,0,0,0,4,3,0.09490975698673038,0.03574041432662232,0.02436921695449178,0.05477316028677796,0.9408819292842746,0.0073144180948326865,0.09333191922402773,26,66,0.9970738895765645,0.0780328828222415,0.07943678044436807,0.018633578123093176,0.0897608025429469,0.08254263649684795,0.05799928840599248,0.014239617493567547
udp,http,REJ,1,4,333,0,0,0,0,0,1,0,0,0,0,0,0,0,0,0,0,1,1,0.0977377483116132,0.07691737459672648,0.03777400892271626,0.09496034334796527,0.9692187610897663,0.004468521598648023,0.02714836543067685,168,176,0.9065915997134869,0.08347224842323597,0.016605466627949438,0.05959941276976574,0.01902429494362301,0.0077226103737348395,0.018770321376222088,0.017003659451005303
icmp,http,SH,3,132,1418,0,0,0,0,0,0,0,0,0,0,0,0,0,0,0,0,1,1,0.05571248446376631,0.012925159898194406,0.035035105134961844,0.05437617703960426,0.9999165200923197,0.0605941901353668,0.04499692644812049,223,40,0.909526127325523,0.020822650022213653,0.09132432612725405,0.09905982846050586,0.0364669348261028,0.06339058814047814,0.09679201302779324,0.07647314393334885
tcp,other,REJ,1,395,268,0,0,0,0,0,0,0,0,0,0,0,0,0,0,0,0,7,3,0.061602363873826976,0.08408885312157291,0.027146952549881198,0.015802915524979956,0.9211245893087148,0.044138729129275515,0.06485047101585421,196,6,0.9945233161769178,0.028026291182970245,0.01464597192334819,0.0511593323805252,0.08902095287568122,0.02249121202809569,0.019050566753420498,0.007127766305158279
udp,http,S0,2,23,2,0,0,0,0,0,0,0,0,0,0,0,0,0,0,0,0,3,7,0.09475974244015871,0.07052354674540004,0.011729784430793911,0.0848920789509287,0.9700129205701417,0.0410683941751012,0.07005567388756455,40,76,0.9132138358052817,0.04262904628451102,0.06153435140912808,0.03247856446853762,0.018829442402818676,0.008221181448334237,0.0786211707535015,0.02916125750590938
icmp,other,SH,1,226,30,0,0,0,0,0,0,0,0,0,0,0,0,0,0,0,0,2,8,0.04130045524787904,0.04565228136072902,0.017412010110726572,0.09591649608540186,0.9731290703475295,0.021988879340279113,0.0007322547640522536,205,7,0.9684890789762988,0.006321147664534266,0.029092199481195038,0.03011417122611032,0.05010128656447793,0.057192498483902704,0.06554716620496126,0.004229837328294595
tcp,eco_i,SF,2,285,24,0,0,0,1,0,1,0,0,0,0,0,0,0,0,0,0,9,1,0.029346576717067897,0.010193529202257212,0.01686597997464753,0.03627567020502375,0.9196145585635698,0.06067740205868902,0.07038687081667667,82,98,0.9055650517169799,0.08554269285006516,0.09863467179893157,0.006816682270202124,0.01868796172745304,0.08779249422041054,0.021970963878193563,0.08549425605522158
tcp,private,SF,1,8,102,0,0,0,0,0,0,0,0,0,0,0,0,0,0,0,0,4,7,0.005759830013603762,0.08910801773258509,0.05535200663734875,0.03960196655857484,0.9612844298783848,0.08805867235702122,0.03239626541713715,217,192,0.9404723222646862,0.0839237775862274,0.05277893999521022,0.05465759713989148,0.009120114647035993,0.012892531738192782,0.0547696783574507,0.07080347286968568
udp,other,RSTR,1,229,50,0,0,0,0,0,1,0,0,0,0,0,0,0,0,0,0,1,7,0.029596845908897718,0.07181029938138382,0.022341888588969495,0.006801547993006596,0.9130156250279192,0.003402410377302023,0.07067663180617255,126,68,0.986660399411017,0.02647350854170906,0.0975396266359008,0.048557960993348574,0.09312966624196593,0.06710301191054079,0.006055512235965732,0.0243402745083095
udp,eco_d,SH,1,98,334,0,0,0,0,0,0,0,0,0,0,0,0,0,0,0,0,7,9,0.04791199161074231,0.016116492702617346,0.09109229435251973,0.039237898177374254,0.9097316183793213,0.07852222563703555,0.02381317472633814,150,8,0.9944215447597597,0.03412788161078361,0.06108717348071377,0.018150050884614168,0.040395204362308604,0.0050091865148123365,0.044021453507207015,0.02541046859145161
icmp,http,RSTR,0,121,852,0,0,0,0,0,0,0,0,0,0,0,0,0,0,0,0,1,4,0.0765408815588531,0.03983614835333891,0.050390876134253686,0.036738227531539894,0.9622492664312929,0.08836619852989672,0.037533075664161634,184,166,0.9728337710048035,0.07003130312011449,0.04875973003715095,0.056742182662057286,0.09981187165096728,0.042554898430690595,0.07260607652757671,0.06547182751100035
udp,ftp_data,RSTR,3,255,107,0,0,0,1,0,0,0,0,0,0,0,0,0,0,0,0,7,5,0.06420343579014265,0.08006411149173198,0.011548526342213828,0.0549642572401844,0.972440165731493,0.08185206005219403,0.016941144308087696,90,88,0.9883687694845295,0.013164139605379079,0.0334036110719258,0.006970858138216196,0.034200503246570216,0.09425408013329598,0.031105854138780187,0.089214492891303
udp,other,RSTR,0,6,88,0,0,0,0,0,0,0,0,0,0,0,0,0,0,0,0,5,7,0.07069612823471005,0.06648451316114888,0.03261940248787504,0.01253838721938666,0.9985562220554796,0.049110057971997634,0.08923452504797617,95,72,0.9711691791431174,0.0720146199348182,0.014893473303975125,0.053373270532888456,0.04797918629241691,0.0764491102727416,0.01265222936743441,0.014816634270987073
tcp,private,S0,1,263,0,0,0,0,0,0,0,0,0,0,0,0,0,0,0,0,0,4,4,0.06864718351214887,0.04381009969827139,0.07138173105917817,0.041189256267245934,0.9520273168478256,0.005761031897904678,0.08355988232387362,251,225,0.9778901472140993,0.013419654958462035,0.077017275046489,0.08712105472163008,0.050545783293964,0.06992919648736613,0.025769479294968825,0.0413140438824609
icmp,domain_u,SH,0,8,13,0,0,0,0,0,0,0,0,0,0,0,0,0,0,0,0,7,5,0.04704141419878092,0.01669424018021073,0.03064989544082223,0.09502907842440697,0.9087532739732683,0.09084162518334017,0.018004892106819916,76,138,0.9113160126148672,0.0622468085037479,0.0998468467690877,0.009250014965799037,0.028421191633555578,0.01792419604186738,0.04167536426694296,0.08131508660691533
udp,eco_i,SF,0,122,94,0,0,0,0,0,1,0,0,0,0,0,0,0,0,0,0,5,5,0.047847068727412324,0.07650104131521535,0.025030249234901117,0.07429589294974707,0.9844605785601799,0.02245692905334558,0.03122777091578495,120,246,0.9338998413604619,0.09840184381668096,0.01861622123455461,0.05962411007526497,0.06170596998712546,0.048995625365333355,0.08043368868324909,0.027789017082946302
tcp,ftp_data,S0,0,45,556,0,0,0,0,0,0,0,0,0,0,0,0,0,0,0,0,8,5,0.09471561264642543,0.07310030567037296,0.09474586906908947,0.09229684674921626,0.9438630269552196,0.09094372494902911,0.030329363441328628,242,83,0.9306915324621391,0.052561833340241254,0.0013841232472676325,0.003387419445320328,0.009568752481136145,0.012241293596492687,0.09953085826532967,0.0984009379208363
icmp,ftp_data,SF,0,142,59,0,0,0,0,0,0,0,0,0,0,0,0,0,0,0,0,7,4,0.03604065031677204,0.011209020691664674,0.07088373013252734,0.018992510695295697,0.9118437999769479,0.07048062401030208,0.013109600456029137,84,103,0.9832081970486809,0.04148757024058818,0.06886513349558059,0.06408345683936612,0.09044090546354822,0.053825378768487114,0.08584296172300317,0.08821012981185414
tcp,private,SH,1,18,106,0,0,0,0,0,0,0,0,0,0,0,0,0,0,0,0,9,3,0.0996092976500237,0.0028868359447773552,0.07809857594558813,0.05352457997727196,0.9646178399816064,0.07281886713440124,0.07459216355389389,247,20,0.9700500443259069,0.08753478871996895,0.05445387503648788,0.05409734567498353,0.0729855321758932,0.09578130993217326,0.04966145166643844,0.07056799385934621
icmp,other,REJ,0,40,379,0,0,0,0,0,0,0,0,0,0,0,0,0,0,0,0,2,2,0.09757458599193337,0.07175559023594658,0.07327387824431782,0.05896823078123695,0.966164449972079,0.040171321472598,0.07839649098020718,239,225,0.9677560441315038,0.00755255052005418,0.03850714007984233,0.02648157795991799,0.06739880647059614,0.04324605342545036,0.005964957649251201,0.0607465048944288
udp,eco_d,S0,0,18,53,0,0,0,0,0,0,0,0,0,0,0,0,0,0,0,0,7,7,0.02336825470291475,0.08247220700509104,0.09662709723819679,0.030863494119974733,0.9074586319941716,0.017449211877635186,0.016144612001094374,134,72,0.9221645434744719,0.09012817683319041,0.048608954526687544,0.02463708087823411,0.0378006595736063,0.04501221753184841,0.050803899842760514,0.05553309437981238
tcp,private,SF,0,43,533,0,0,0,0,0,0,0,0,0,0,0,0,0,0,0,0,2,2,0.08782499683782037,0.010438921363524846,0.0002259056619184463,0.08023670565010439,0.9072334574053192,0.08951599313484614,0.09488269502975749,156,200,0.9724209637979664,0.06041993095776761,0.016281766270688846,0.09974948059222608,0.012196483429558425,0.09121109312542434,0.08471966321766744,0.033658655019917084
udp,other,REJ,0,15,61,0,0,0,0,0,0,0,0,0,0,0,0,0,0,0,0,6,7,0.03808968467219951,0.09271119975981901,0.09093325330796141,0.060884822238042396,0.9366436940081,0.017646496607073927,0.03996090370003748,100,70,0.9190329177492504,0.07117525367051279,0.07625337589931717,0.0611300513238138,0.004988086764566502,0.014423832262998204,0.08844876094531223,0.026313765977286265
tcp,ftp_data,SH,1,17,39,0,0,0,0,0,0,0,0,0,0,0,0,0,0,0,0,5,3,0.006593448420216863,0.011693508125442544,0.006902956748485412,0.03219677485571811,0.9140976705475854,0.004753373206459289,0.060746719040109365,140,12,0.9915370756316249,0.07969606935490609,0.07021766061233263,0.056917106990116734,0.08636423871099719,0.04329303257617145,0.03144674565109095,0.05441968495054236
icmp,domain_u,REJ,1,10,367,0,0,0,0,0,1,0,0,0,0,0,0,0,0,0,0,4,2,0.05175614836196213,0.09319862235600375,0.02504809109830899,0.07492785953386615,0.9218592886595172,0.00890238789111807,0.0225268275565374,172,37,0.9984143288179493,0.09346151904003036,0.02637604378745291,0.00037423588903755527,0.09445084148749472,0.058501753573785675,0.0385023368194429,0.06479195388146976
icmp,domain_u,SH,0,9,84,0,0,0,0,0,1,0,0,0,0,0,0,0,0,0,0,4,3,0.09052479426446099,0.036860761991951,0.09827839081332963,0.014418393631193972,0.9707821882038083,0.07219121628006246,0.06956331884831751,13,142,0.9040677798904553,0.02794628054754236,0.0028611891577597585,0.0002013743794979983,0.0222863457508649,0.014020832402640671,0.0609059365227735,0.07023986813584152
tcp,http,REJ,1,15,54,0,0,0,0,0,0,0,0,0,0,0,0,0,0,0,0,6,6,0.05404562917213294,0.08325990217290916,0.042273446820220106,0.09641132582974767,0.9001949445588256,0.025436632183182685,0.04205113289787698,47,162,0.9494904751085352,0.043894543734221525,0.013698955072693642,0.005349562015640919,0.030265484727031278,0.03698848268462109,0.08877979311498489,0.018579159866044758
udp,ftp_data,RSTR,0,22,239,0,0,0,0,0,0,0,0,0,0,0,0,0,0,0,0,4,4,0.06921952246705766,0.06107551536733496,0.08952005815656783,0.09370569517052116,0.9699854967758179,0.04737790726395579,0.060421977470708904,253,166,0.9065226134668779,0.014518356399710575,0.052435759134313455,0.09970233845778159,0.06843407573200205,0.04130259535399488,0.06150688678653337,0.030399662585342425
icmp,private,SH,0,184,81,0,0,0,1,0,0,0,0,0,0,0,0,0,0,0,0,4,4,0.09770751271749857,0.031084724285875054,0.03246982977431585,0.024523590640995088,0.9854721063522054,0.07155523074600827,0.07056682498537531,165,253,0.9199223202482795,0.09019034393625028,0.010168417074801196,0.007292039876519452,0.008753002842735492,0.04866342571088277,0.0649354259790419,0.007006173483213119
icmp,ftp_data,RSTR,0,26,79,0,0,0,0,0,0,0,0,0,0,0,0,0,0,0,0,2,3,0.03374089914885375,0.06461087541158053,0.03042084070600909,0.02805782056844558,0.9015772861621821,0.09651187953122248,0.07224506128961757,21,49,0.9976658788686015,0.08469301124840785,0.0777046819156586,0.026911948709392865,0.08364974901754439,0.047914756959199105,0.0716423511401452,0.05344703791173762
tcp,domain_u,RSTR,0,51,263,0,0,0,0,0,0,0,0,0,0,0,0,0,0,0,0,5,5,0.06873451163456122,0.01649570909755851,0.036862269912945445,0.014370699277135135,0.9122067761828899,0.007476932326905406,0.01837356588727219,31,170,0.9169546315764157,0.06244452208082693,0.06306230993125259,0.0422770409577333,0.045429750114167215,0.02481117118479194,0.06306004261172603,0.08855882495240569
udp,eco_d,SF,2,73,170,0,0,0,0,0,0,0,0,0,0,0,0,0,0,0,0,7,11,0.07869343443900612,0.042468252066662375,0.055554515332101484,0.024379043981365103,0.9143993041734416,0.0640428309811505,0.07034595666279506,168,121,0.9024918975803834,0.08045790612089726,0.029214304495985645,0.06907286374815895,0.006364402179998951,0.020518499512162915,0.0698213891180916,0.08484668648436636
icmp,eco_d,SF,1,128,42,0,0,0,0,0,0,0,0,0,0,0,0,0,0,0,0,6,3,0.004868263770647585,0.09191127596727201,0.07836660476849586,0.030243911361793763,0.9204389243300733,0.025040165769591595,0.04438957121477686,126,102,0.9665327034086996,0.009183165146784944,0.06572526005624232,0.08768901006856794,0.0017148634793233142,0.03666893763450942,0.09741844766577615,0.08427552208609769
tcp,http,REJ,0,1,339,0,0,0,0,0,0,0,0,0,0,0,0,0,0,0,0,7,9,0.010682217723721889,0.017307361928745824,0.02067278225559064,0.07787346992428212,0.9213045516423173,0.03897794754892034,0.09929056100493933,71,240,0.9123361465587997,0.050772458140103,0.08972818288401097,0.02106863199806144,0.06914166606077805,0.0003361965951480084,0.041969821005343425,0.03942055347091042
udp,http,SH,0,112,578,0,0,0,0,0,1,0,0,0,0,0,0,0,0,0,0,2,5,0.07754568806343876,0.04874017032070959,0.04420620631304112,0.044804774048709486,0.9028561244149776,0.01632494030241922,0.09472677447005262,222,209,0.9805815298237328,0.07014079186983711,0.07169058747144372,0.08584249480630352,0.005585206737291204,0.013289556073529885,0.07971132627800542,0.05011132459212021
udp,ftp_data,S0,0,20,208,0,0,0,0,0,0,0,0,0,0,0,0,0,0,0,0,4,3,0.005808711334690875,0.09170313462876147,0.026284625022343844,0.023533821502315547,0.9085491401192873,0.09690127586842723,0.0022570958387304607,80,141,0.9871667171934458,0.042635681442889366,0.09585494891343467,0.02449207652228539,0.0415648759507008,0.03656731743947522,0.006267134570404909,0.018137068603602757
tcp,http,RSTR,0,46,263,0,0,0,0,0,1,0,0,0,0,0,0,0,0,0,0,8,9,0.006260347207440154,0.08736960859019269,0.05359479129011483,0.08848879935500072,0.9957724913687134,0.07782325234768006,0.03526990096730949,36,163,0.9859656563894492,0.03983772581046513,0.09391819656435317,0.0424363816054181,0.04183295696481131,0.041879438964894315,0.09711976020981467,0.0897412387373726
udp,eco_i,REJ,2,72,84,0,0,0,0,0,1,0,0,0,0,0,0,0,0,0,0,3,4,0.08859182961465856,0.039637825187358304,0.017557966127539928,0.04077065337833946,0.9848582564988027,0.08217879368543661,0.08181500912427722,53,152,0.9602455724821432,0.07262696450346816,0.03611553205380962,0.003952503991983858,0.020824586172032325,0.0028233165827709853,0.0829120632492823,0.05748365640747895
icmp,other,RSTR,0,32,10,0,0,0,0,0,0,0,0,0,0,0,0,0,0,0,0,5,7,0.03165988040826663,0.005464110627003683,0.07720285285619945,0.0610200570053393,0.9379340385644013,0.008730104420707697,0.052038157663290674,222,136,0.9179333710352645,0.09411795395574354,0.052359122239803914,0.07613295348273733,0.06469744120299122,0.06555846183033083,0.019400600645768595,0.09466687614038666
udp,domain_u,S0,0,89,58,0,0,0,0,0,0,0,0,0,0,0,0,0,0,0,0,5,8,0.020264988820370256,0.017257485420292717,0.031397693239459123,0.018732795656381175,0.9475677795365437,0.09153844224946528,0.0904769989255884,49,226,0.9105698396508235,0.08948430890311986,0.07575835324266317,0.029517981884630718,0.016433595682336523,0.09724699416187893,0.09037873729376356,0.006046204136735678
icmp,eco_i,SF,0,100,49,0,0,0,0,0,0,0,0,0,0,0,0,0,0,0,0,3,5,0.0537517388676275,0.09092044499938062,0.09099769446547484,0.01524854087044717,0.9065562248886111,0.05125367823043323,0.04097603041646989,38,98,0.930762981209231,0.062258283070893455,0.025053358069321754,0.04858141949348846,0.07821771716285002,0.018617812598124762,0.04138939145166594,0.019991443340046367
udp,eco_d,SH,0,29,222,0,0,0,0,0,0,0,0,0,0,0,0,0,0,0,0,3,8,0.07049073722617827,0.02154169014217431,0.06097424434330358,0.0027397716525604412,0.9692585669065803,0.08811479454262583,0.03797497628694031,130,93,0.9694030392201627,0.006969503184329928,0.0675125263217669,0.04967132348575279,0.07211236010401753,0.06074355639698839,0.032420859171289056,0.037686291240263195
udp,ftp_data,SF,0,181,255,0,0,0,0,0,0,0,0,0,0,0,0,0,0,0,0,6,3,0.030597669112529802,0.008647638738664731,0.05893330737483257,0.010958081619918915,0.9158722097509528,0.03614287575578077,0.07144427255039144,186,181,0.9299383629912862,0.07328753065016796,0.08922445682767921,0.020340889997331437,0.06041343382578253,0.026382467091949482,0.07459983609541045,0.05108702790043667
icmp,eco_i,SF,0,132,276,0,0,0,0,0,0,0,0,0,0,0,0,0,0,0,0,5,3,0.08006353532911953,0.021500000563285538,0.07660443867016552,0.06782777339383352,0.9626109307346745,0.036541662957152124,0.08923061607908629,189,90,0.9836288686143847,0.029312829537375185,0.059927041768586445,0.06846349376019832,0.005522028122802625,0.022184251502817522,0.026870976001612736,0.05469120697523833
icmp,domain_u,RSTR,0,68,270,0,0,0,0,0,0,0,0,0,0,0,0,0,0,0,0,8,3,0.006013963540009571,0.007438485874553891,0.06413684076708602,0.09099658590073453,0.9807894814177234,0.033840032049147574,0.001735087105917077,38,118,0.9462403628287626,0.08254631876529948,0.0005669695687915754,0.004269383555625295,0.026567703986095516,0.06656957623006127,0.001113860090864105,0.08478178351876309
icmp,eco_i,SH,2,335,251,0,0,0,0,0,0,0,0,0,0,0,0,0,0,0,0,1,4,0.004417940862779812,0.09417903519226595,0.08037823224555768,0.03279579935743859,0.9820894675370111,0.02067542378277272,0.07627577073129552,190,217,0.9114172985023938,0.004683709704360051,0.06188550021509609,0.015242622513121041,0.029156538996168747,0.051527145237610775,0.026632854303713906,0.02714104976685803
icmp,ftp_data,REJ,0,25,5,0,0,0,0,0,0,0,0,0,0,0,0,0,0,0,0,5,7,0.0224499079043901,0.014251492406079026,0.08712295725606463,0.06755416509710516,0.9625581330543689,0.03662637513695726,0.056379385443442114,191,42,0.921803062687184,0.028072869463266203,0.06314560696458046,0.07239191740624011,0.00874998407029003,0.057089470029542615,0.016875882954342027,0.02937308086400338
icmp,eco_i,RSTR,0,155,307,0,0,0,0,0,0,0,0,0,0,0,0,0,0,0,0,4,4,0.023028378719132103,0.051632599904892267,0.09141486613995796,0.06663892012289224,0.9712456844207621,0.09501862636337557,0.07397421343618815,217,145,0.9404010622004337,0.09001630945547424,0.09317426189954853,0.09631119927307998,0.08584035853237633,0.06585207432380767,0.040712075937447426,0.054177390024026544
tcp,domain_u,SF,1,4,259,0,0,0,0,0,0,0,0,0,0,0,0,0,0,0,0,3,5,0.03957247807191055,0.058640245974812634,0.00977248709546349,0.03632058703335337,0.932066365099424,0.02456316545418027,0.08229084383029345,86,36,0.9727954081601322,0.06584745477611276,0.01284028752945825,0.06912015728668304,0.030351996080327806,0.03391846538508706,0.03100437943664205,0.0604848212999375
icmp,http,RSTR,0,43,421,0,0,0,0,0,0,0,0,0,0,0,0,0,0,0,0,7,7,0.06388510009418077,0.09937455865765223,0.09330253468444373,0.0018960268727453156,0.9928801288988109,0.002756182520647055,0.02248515837770562,183,12,0.9253675652635347,0.07054564216487638,0.06445568548633877,0.08311570557570575,0.06791534038254901,0.07315705877244044,0.0011328355251935096,0.049315910893815054
icmp,ftp_data,REJ,3,94,58,0,0,0,0,0,0,0,0,0,0,0,0,0,0,0,0,6,5,0.06323927914669104,0.06330588265775598,0.09845749072211317,0.02198800208527675,0.9107007119695333,0.024175405947452114,0.06238199250845662,100,177,0.9404834086107131,0.00471140530165819,0.027840829125859556,0.05692929911904015,0.016086734351601996,0.09862775438814311,0.03549436993806302,0.0790197488296479
tcp,http,RSTR,0,129,1122,0,0,0,1,0,0,0,0,0,0,0,0,0,0,0,0,2,6,0.058331248432563876,0.08516496467035552,0.06903269616812298,0.010137630377038132,0.9212246883670911,0.07014923962163824,0.05775332588511062,123,202,0.931988320812834,0.05931503151402733,0.09331838441389576,0.0336442470546515,0.04161270157044588,0.014510795775332342,0.014596215301517324,0.006333052034311615
udp,http,S0,0,77,36,0,0,0,0,0,0,0,0,0,0,0,0,0,0,0,0,3,7,0.050667768910357236,0.03119182956925236,0.07806511168635036,0.06751560992538014,0.9328542158088847,0.038235991310964196,0.09288705873703586,9,246,0.9763539997468644,0.03912487663180362,0.03834537206309621,0.013632860395380919,0.00419248456212914,0.008732043449611005,0.09078342304283818,0.025480684967250745
udp,eco_d,SF,0,250,151,0,0,0,0,0,0,0,0,0,0,0,0,0,0,0,0,4,6,0.008255082610730047,0.07115474642760919,0.03050121326998212,0.012506112075046417,0.9773115738769597,0.09992154951151888,0.04684289910091547,84,96,0.9368930062298969,0.0034655946430304342,0.010359842818560273,0.009782486730626483,0.08446698170202725,0.04154222793327031,0.05268108838093576,0.0724542352999557
tcp,ftp_data,REJ,0,5,43,0,0,0,1,0,0,0,0,0,0,0,0,0,0,0,0,6,3,0.021605634561745603,0.0559736652493162,0.06915545762526133,0.0056903442727936245,0.933746629285959,0.0027615323244712165,0.05717750937210463,246,181,0.9286630317200982,0.009275756020798642,0.09382429639537147,0.0277316818578922,0.06788478141447023,0.09203678956459016,0.09207945013933949,0.05592648097831501
udp,private,S0,0,43,462,0,0,0,0,0,0,0,0,0,0,0,0,0,0,0,0,4,2,0.07606918227529925,0.04846342413159671,0.040950767829181195,0.05444327862539018,0.9682388707032258,0.06775439613142474,0.05523081482081569,156,155,0.9244590879526909,0.07085018800950349,0.031361982595729435,0.06921110160980684,0.09292683670534875,0.052889375659452224,0.04814132572836445,0.032462544244856784
udp,eco_i,SF,1,20,342,0,0,0,1,0,0,0,0,0,0,0,0,0,0,0,0,4,3,0.09984791629456725,0.0584027893073574,0.09639509712149244,0.01130925873460772,0.9603108645544821,0.050833055716834136,0.0031191981862658483,207,138,0.9723021385696446,0.0568138313467168,0.017413138973876054,0.05723371582774642,0.0013451646031821252,0.08953478582295679,0.0018134150889020373,0.09288464365234839
icmp,private,RSTR,0,17,118,0,0,0,0,0,0,0,0,0,0,0,0,0,0,0,0,5,9,0.05180603578048159,0.09114628286250251,0.07782115973740303,0.04305421311187324,0.9559991434650816,0.01654649920429584,0.07400532757535934,155,39,0.9587279831020262,0.011623236719439446,0.09630806155773713,0.08555975379081746,0.030909290932162936,0.01817785056006297,0.09129313875534978,0.08100958344479042
icmp,eco_i,S0,0,40,21,0,0,0,0,0,1,0,0,0,0,0,0,0,0,0,0,7,5,0.007368405940034628,0.09810204004306572,0.04041287661066828,0.027820511611526245,0.994191021604739,0.04086871639269579,0.049672794723679914,201,31,0.9753359111830914,0.05428445596314672,0.03212571756941107,0.04470719848878524,0.07598827281196162,0.024317708389263927,0.02726563472017677,0.06028002679426728
tcp,eco_d,SF,0,220,64,0,0,0,0,0,0,0,0,0,0,0,0,0,0,0,0,8,6,0.09501995266767456,0.005301674414090985,0.08490174177413157,0.07783156906267247,0.9884369696706627,0.08469794270323104,0.07041399961968085,93,78,0.9378311927909029,0.07150002363710958,0.04299514684220125,0.09061467966998167,0.02333389897221777,0.01570250113235271,0.03513607739753251,0.03808852831877179
udp,private,SH,0,183,247,0,0,0,0,0,0,0,0,0,0,0,0,0,0,0,0,2,3,0.09233817158755889,0.061699323615014616,0.09092553601001079,0.05425043586405342,0.9967413526570921,0.0677149540592864,0.07724124538586818,85,239,0.9306501458501272,0.022994225578077378,0.06867141058816671,0.01835433357662729,0.006381289105754796,0.08646463635465501,0.03177379540206857,0.05177005450739256
udp,http,SF,0,46,489,0,0,0,0,0,0,0,0,0,0,0,0,0,0,0,0,4,7,0.08084766757734342,0.024467817660730987,0.031426708690982755,0.08199675305535153,0.9339619420231843,0.05776637576273064,0.02621210564387806,163,187,0.9735813330344453,0.07537762933560552,0.03945325499842191,0.04867852376137269,0.019325646688638842,0.09269655942397895,0.009302778514233046,0.08589979614262602
udp,eco_d,S0,3,100,263,0,0,0,0,0,0,0,0,0,0,0,0,0,0,0,0,7,8,0.0977874325421767,0.04974282434617466,0.022738008128398324,0.04326837448166281,0.900759440536207,0.09060010899529357,0.04208700178449655,209,51,0.9750193899058623,0.06019787905360638,0.03137789128128791,0.09379115674845279,0.07698731535527129,0.03398538074964665,0.0094718830886378,0.06692674658458057
icmp,other,S0,0,97,41,0,0,0,0,0,1,0,0,0,0,0,0,0,0,0,0,4,2,0.09823496098972528,0.05960375354300549,0.04230861053560615,0.006645931757918522,0.9850917543217187,0.007558869944555402,0.08533367763913721,182,43,0.9425497896614264,0.06600588533319243,0.009832037985056608,0.0441587847458392,0.05258379249075407,0.04413838268532453,0.005368767393160135,0.08116721155890734
tcp,ftp_data,REJ,0,27,28,0,0,0,0,0,0,0,0,0,0,0,0,0,0,0,0,6,6,0.0629197868969232,0.0208195280480056,0.024548848451495922,0.015478881917458677,0.932303473402994,0.058420435081159565,0.08272856549922337,127,52,0.9567181973489747,0.026280425476147395,0.05983953796316071,0.023738992430214257,0.02343240606973045,0.04141218770086608,0.08421373361709475,0.08924587285571911
tcp,domain_u,S0,0,49,337,0,0,0,0,0,0,0,0,0,0,0,0,0,0,0,0,4,6,0.02572915171014334,0.010824021143702367,0.09504754308136873,0.0193011123973336,0.9341914704281913,0.013561734823435001,0.04823125806751576,68,220,0.9404950711183734,0.08488406753916979,0.052382068282945476,0.0984812581188194,0.040437171145969,0.0013818689245245208,0.026625184453096674,0.06550272259881981
udp,domain_u,REJ,1,137,70,0,0,0,0,0,0,0,0,0,0,0,0,0,0,0,0,2,5,0.06926431430299353,0.010941310115838722,0.04114974982892126,0.008413851422944619,0.9101404050936572,0.09255898216974559,0.030602966018757772,21,50,0.9774789391821215,0.035351751891761964,0.029865826171582954,0.07037586351176867,0.059381644960381355,0.03461344010398961,0.07419985817891671,0.024183899951888646
tcp,other,SF,0,43,566,0,0,0,0,0,0,0,0,0,0,0,0,0,0,0,0,4,8,0.025489864046176647,0.06716554259777412,0.05550430741216788,0.05872171640229652,0.9550514291997655,0.07154330210235242,0.020568431053592386,242,112,0.9919363412228844,0.09082970449827568,0.033078758054848535,0.06878360022629988,0.09620605111128268,0.0549846178428851,0.0371363370858543,0.07224581461709954
icmp,other,S0,1,168,25,0,0,0,1,0,0,0,0,0,0,0,0,0,0,0,0,2,2,0.07807088017481967,0.053198205483260236,0.020873398644978693,0.09438201707973332,0.9349305227284438,0.04803421070136559,0.02429040098033668,212,75,0.944045044091577,0.09400988720231399,0.020614820281702684,0.037745436594228035,0.09993994480885562,0.05489824103285251,0.00468127424569087,0.009344465857654872
tcp,domain_u,S0,0,353,119,0,0,0,0,0,0,0,0,0,0,0,0,0,0,0,0,3,3,0.08815982948694796,0.023471558591004596,0.030768725387243068,0.060294806063402075,0.9321014517291588,0.09655954036837833,0.04634588283562752,103,224,0.9721063212654403,0.0035066295742046563,0.055404702555037794,0.08605035464888307,0.09792438704617086,0.08617319065089603,0.08295579864389822,0.08342156461959221
tcp,ftp_data,REJ,4,173,108,0,0,0,0,0,0,0,0,0,0,0,0,0,0,0,0,8,4,0.01947827196460955,0.008420138592203674,0.04682595285039642,0.074055842836657,0.9133183079794468,0.006554031605910171,0.06286213210557375,175,26,0.9011360979020823,0.03869986607984658,0.03312612048201501,0.06691893903233286,0.08517655379984712,0.04762319639200596,0.07731526475354428,0.08761879639204873
tcp,other,RSTR,1,76,701,0,0,0,0,0,0,0,0,0,0,0,0,0,0,0,0,5,6,0.0961774591340157,0.02247109264971915,0.09406878751833674,0.043587185652456596,0.9848018965013317,0.03907520913796267,0.04909215028069485,135,173,0.9349793402608233,0.05500539532698796,0.07078113170522081,0.08563439217627976,0.007618964800178496,0.08921951050173613,0.06865923620370055,0.034259021816350224
tcp,other,S0,0,26,189,0,0,0,0,0,0,0,0,0,0,0,0,0,0,0,0,5,7,0.06992229778207545,0.05775971533484508,0.04948772590421372,0.050062017513986506,0.9428671710724353,0.03288000180481101,0.048351401996866265,10,250,0.9050882820942983,0.06528063396265853,0.01537716821024502,0.027430026924865604,0.04022091728989742,0.0332502361699086,0.06613316832273021,0.06631906125317989
tcp,http,S0,0,130,95,0,0,0,0,0,0,0,0,0,0,0,0,0,0,0,0,2,6,0.044899214540253744,0.09443934079050295,0.0316799125504751,0.01062642653542263,0.9609968645185857,0.04443376859004431,0.08838704041785134,81,34,0.9559444072154633,0.01706800509781129,0.07561474561052785,0.011826960668144605,0.04256177560651821,0.055416956092656525,0.010540035205237254,0.07964271712062472
tcp,eco_d,RSTR,2,41,104,0,0,0,0,0,0,0,0,0,0,0,0,0,0,0,0,6,4,0.03213365918490573,0.04962437885796914,0.03287323752400797,0.07318363078962038,0.9369165086127171,0.03320666033204949,0.0459544462499063,51,92,0.9799919790529207,0.013483210359914522,0.026060450643335387,0.019254608851048773,0.025150679210875982,0.010175232890910891,0.023646508875222072,0.07453752759646119
icmp,other,RSTR,0,80,912,0,0,0,0,0,0,0,0,0,0,0,0,0,0,0,0,5,3,0.05074505162499894,0.07802850293038109,0.00942297908552624,0.028557709830833625,0.9185844332698753,0.09195305371513741,0.020724883900845138,214,17,0.9930499323107036,0.0577434351629314,0.05646708303868371,0.017770073761801654,0.016518438794047487,0.038867653534014224,0.08512193417960578,0.09217838075866928
tcp,ftp_data,REJ,0,15,382,0,0,0,0,0,1,0,0,0,0,0,0,0,0,0,0,5,7,0.07270478224083546,0.027420933807619032,0.08155092111412236,0.032359599173500966,0.9948536504473695,0.031777652226752044,0.09411452278483076,39,10,0.9721169059649385,0.002096340524705087,0.04876437937220701,0.005226496774715584,0.007213369808499548,0.06467436474344544,0.08193642964999777,0.0831973962954382
tcp,eco_i,RSTR,0,76,353,0,0,0,0,0,0,0,0,0,0,0,0,0,0,0,0,0,4,0.09552486913380538,0.023728172865291622,0.0952177326020787,0.03293902377315795,0.9969617170982499,0.039493483580710254,0.09956641765722124,19,158,0.9850633386788876,0.01591313860121171,0.02186529431715413,0.018669045313568066,0.013577083987649709,0.07744750504572474,0.05393126244382256,0.008753790774704761
udp,eco_i,SF,0,142,84,0,0,0,1,0,0,0,0,0,0,0,0,0,0,0,0,8,7,0.06644487111344344,0.030756058637750418,0.08916234485825464,0.03713017718522865,0.9915324059229834,0.04051483426691025,0.09494360981243223,239,103,0.9562931936022527,0.04226399486550343,0.0009644382291463249,0.024155190528930393,0.005793259187653954,0.04009628860102015,0.06940855562815178,0.018648243251267183
icmp,other,SH,0,16,57,0,0,0,0,0,0,0,0,0,0,0,0,0,0,0,0,9,5,0.04151126659354967,0.055183683795489505,0.07612564734884873,0.06787431302989731,0.9497008891871934,0.07767721847678678,0.02405305597162909,141,36,0.9720676865106239,0.04038254016442275,0.05524039333333747,0.069139638383707,0.017849317801447762,0.034398317224299826,0.02214002685017488,0.002604385230245254
icmp,domain_u,SH,1,78,174,0,0,0,1,0,0,0,0,0,0,0,0,0,0,0,0,0,4,0.044011361389137,0.022066984018376302,0.07560538216314759,0.06552770892619854,0.9896816201438731,0.014326029315863532,0.09648007288149929,128,152,0.9314872160401959,0.021930289508504664,0.025095139749673978,0.07977169735164415,0.037588193360076176,0.033997410038370535,0.05677606055658507,0.010426065013014962
udp,other,SF,1,187,313,0,0,0,0,0,0,0,0,0,0,0,0,0,0,0,0,9,8,0.038448835071094235,0.08445317171016395,0.0864738957711152,0.06482131624672842,0.966072668934519,0.08179174890204231,0.011093489541793533,248,144,0.9085648619369294,0.0015043594707820906,0.09580414694437381,0.036529412720051745,0.026437839583219627,0.0710963214603746,0.05171579502404025,0.004483289615013086
icmp,domain_u,S0,1,308,78,0,0,0,1,0,0,0,0,0,0,0,0,0,0,0,0,2,6,0.05283750309141186,0.029105247189225383,0.07105701337155249,0.07393825300963688,0.9335105621111448,0.08655074755039555,0.0785866279433427,12,91,0.918017276182421,0.07618392877763018,0.03367600752902449,0.022335579963014853,0.06230175247863802,0.036701157468737935,0.08371563309226492,0.060727039861743895
icmp,domain_u,REJ,0,12,78,0,0,0,0,0,0,0,0,0,0,0,0,0,0,0,0,2,5,0.007270518874321064,0.016090711616744968,0.010465451512501212,0.05679196459151312,0.9780513405685798,0.07600350623272634,0.07016949428970626,195,0,0.9528883745207946,0.025341963708118122,0.0963858846112816,0.006355235070196386,0.05758374287372804,0.04093608986863963,0.029880264578751106,0.07500599982144672
tcp,eco_d,REJ,0,152,272,0,0,0,0,0,0,0,0,0,0,0,0,0,0,0,0,7,7,0.042193183499675414,0.03338716638088333,0.07015093689754696,0.09529938208865374,0.9848946359868715,0.09832512928852177,0.04283904801538185,125,72,0.9708348818817988,0.030668420771345208,0.02952157111033167,0.03765656345618978,0.018908586583353905,0.062445013497336326,0.006308289124185818,0.02882844236489586
icmp,eco_i,S0,1,7,77,0,0,0,0,0,0,0,0,0,0,0,0,0,0,0,0,6,5,0.005588873158295327,0.0013578155662777537,0.05511382469822719,0.043850978473046046,0.9208525961132944,0.06509836004789286,0.06344337590457215,103,150,0.9596471842755023,0.020675995945721393,0.06836579176500339,0.0649575148982768,0.01534719516780887,0.09362206216229002,0.009558308188001753,0.08031814278825951
tcp,domain_u,SH,2,185,23,0,0,0,0,0,0,0,0,0,0,0,0,0,0,0,0,2,7,0.006883791549632978,0.0778412336210275,0.012848410719404492,0.037529258320561455,0.9730011722449919,0.000798636905976613,0.04482922704299128,55,19,0.9052391553798803,0.041694161303605926,0.06927438218648704,0.09755364940705115,0.03976120876996116,0.06895620340290656,0.011054878939527292,0.05450762180536609
udp,other,RSTR,0,11,725,0,0,0,0,0,0,0,0,0,0,0,0,0,0,0,0,5,4,0.03337625583842037,0.05002730059760897,0.07585937014126151,0.0790227288782956,0.9815298066466522,0.03759355380662212,0.08333921962008953,96,56,0.9068778022645776,0.08017004266024541,0.04491043641363787,0.001355448120434688,0.08888558457812196,0.08694591993321568,0.06624432927904643,0.07173796015803925
icmp,eco_d,SF,1,141,34,0,0,0,0,0,1,0,0,0,0,0,0,0,0,0,0,3,4,0.07486988801755691,0.028623428547559074,0.06319050653480192,0.0514903344878813,0.9961558115674702,0.07909926527136901,0.06509782054460606,70,39,0.9802525483471459,0.04858925979615908,0.0208770837498682,0.08341514561593737,0.09159600577290798,0.02573234161968321,0.03748195100978148,0.04018070544603628
tcp,eco_d,REJ,0,8,387,0,0,0,0,0,0,0,0,0,0,0,0,0,0,0,0,6,4,0.035097409848687526,0.029264802000864634,0.028007957835316167,0.07092787040796956,0.9597846120033341,0.06016738601308608,0.054689207085968,214,144,0.9991396189957014,0.07327505838295831,0.026091224879042342,0.09376865663324183,0.04564330381271066,0.07250433960368478,0.028476076458275313,0.08865304927605962
udp,private,S0,0,83,165,0,0,0,0,0,0,0,0,0,0,0,0,0,0,0,0,6,9,0.0338282722394358,0.032120830809673775,0.06293465052633167,0.04566369692028375,0.9294294648374837,0.09255021955656091,0.021524500571364638,142,3,0.9170979317103831,0.08081336194216976,0.005498006377315801,0.006542915998881027,0.019268540552283275,0.0211123732549403,0.05110261804925509,0.00551380493948439
udp,eco_d,SH,0,156,134,0,0,0,0,0,0,0,0,0,0,0,0,0,0,0,0,4,9,0.04436552405808911,0.09495791287712621,0.07837937370317241,0.07794568345967773,0.9368012617539281,0.05012515474578419,0.09426365904519023,16,179,0.9068050302258732,0.00787272624590618,0.014474455963574573,0.01935779704792928,0.09893682838705792,0.04201001355060921,0.046664207219131684,0.04789860449412939
udp,eco_d,REJ,0,8,64,0,0,0,0,0,0,0,0,0,0,0,0,0,0,0,0,4,3,0.02849076219135508,0.08913604671640835,0.05612115619997169,0.05934532383586362,0.9943860868853168,0.08057603539629679,0.09953188338821649,226,249,0.9296991863569493,0.02323048349086612,0.07768051538802248,0.07834716443655079,0.06901788863026587,0.07688917779256581,0.02902394622963155,0.03459087485236687
udp,eco_d,REJ,0,112,26,0,0,0,0,0,0,0,0,0,0,0,0,0,0,0,0,7,3,0.02021080967462501,0.013513833992735293,0.015386400280519963,0.023764865254508872,0.9335203993004078,0.08716567849144685,0.08318394819604635,180,160,0.9140730135468461,0.030318289584193903,0.08450533317882841,0.0410850272464858,0.014321830628863764,0.007094332115759872,0.09604386169240435,0.06333643350570685
tcp,eco_d,S0,0,70,380,0,0,0,0,0,1,0,0,0,0,0,0,0,0,0,0,5,5,0.046370204159856904,0.08159481601113618,0.07298095587592762,0.06571193815618548,0.9132170335866557,0.05252215094469451,0.09261207617651779,109,198,0.9243473407583911,0.0711523675240004,0.07100019370806275,0.005213373839582858,0.09010883857552995,0.003628278632674498,0.05763421807452125,0.02754542804225332
tcp,eco_d,REJ,1,77,33,0,0,0,0,0,0,0,0,0,0,0,0,0,0,0,0,9,5,0.048972816319671125,0.09938258151741708,0.09982451665879122,0.06378720813213228,0.9519998455885821,0.08504047812613298,0.05030561003029697,133,220,0.9250053980837931,0.00024511511877812754,0.027981215953828353,0.0009886880178962777,0.09776017441709844,0.012129041368229966,0.09396045422156209,0.08753060407481117
icmp,eco_i,RSTR,1,82,150,0,0,0,0,0,0,0,0,0,0,0,0,0,0,0,0,8,4,0.046369788628288236,0.029462456030462294,0.03880421920677988,0.07565879511566327,0.961619219189861,0.0922185757167044,0.07329407851269878,135,185,0.9937841260701628,0.027016113632042895,0.05826675473617848,0.031230267867696605,0.06300835473527634,0.08912419315056191,0.011396162876555205,0.07888554151582178
icmp,private,RSTR,0,64,175,0,0,0,0,0,0,0,0,0,0,0,0,0,0,0,0,8,2,0.0925471264849605,0.038854991883315815,0.0675363388418532,0.053596220839283615,0.9447762202269391,0.018662498936150598,0.06892233536583837,3,148,0.9672474966314166,0.07036394169697323,0.0013420059914517448,0.03672813961278624,0.04862022360119901,0.07105532602026271,0.07367872574718713,0.027173570904409118
icmp,other,SF,1,134,32,0,0,0,0,0,0,0,0,0,0,0,0,0,0,0,0,6,4,0.021048865564279,0.034049851121307095,0.0717412600590005,0.09431491065977862,0.9823635109975676,0.023176185724119905,0.07313658623046009,56,18,0.9211707258466807,0.047529725458307304,0.08901782762796953,0.02525152376705471,0.04931392481182478,0.060055366234577724,0.00326538393529735,0.08160150117452424
udp,domain_u,SF,0,99,50,0,0,0,0,0,0,0,0,0,0,0,0,0,0,0,0,4,5,0.05169733643028519,0.006758386600723843,0.003712351252926083,0.032204827786334836,0.9785046490601617,0.04346643161784211,0.04958624501644343,11,7,0.981607002336771,0.00226042599951648,0.08364891989795581,0.08779244955518853,0.0608459554626303,0.04965692127160091,0.021637181613576487,0.097736458653093
icmp,eco_d,REJ,2,22,59,0,0,0,0,0,1,0,0,0,0,0,0,0,0,0,0,4,2,0.041904606822307525,0.08365996907590159,0.01033033461517513,0.014361403909348026,0.9398629740187245,0.039499195611549624,0.08261872179286368,44,191,0.9828092033062512,0.08801645438843725,0.03901919300908361,0.010518910549229222,0.028522013678679237,0.07604226053970392,0.09972967912320169,0.056576221072913796
icmp,eco_i,SH,0,41,130,0,0,0,0,0,0,0,0,0,0,0,0,0,0,0,0,6,2,0.055528577068211696,0.024874817445214515,0.05503310952225113,0.04395076180727824,0.9916504016212714,0.055566205250349145,0.01779446702883273,13,32,0.9790915751409376,0.09001888142255339,0.03023334680256076,0.08744425902304238,0.032256548170136956,0.04017442689409875,0.05864478559304262,0.03854022695412024
tcp,other,SH,1,91,64,0,0,0,0,0,0,0,0,0,0,0,0,0,0,0,0,3,6,0.03663775979980738,0.035006666256442255,0.028114659934731414,0.0907680255440409,0.9333088398562673,0.001358977348035384,0.04881896585093242,134,1,0.9196358619945283,0.020211916612316774,0.03433302712613752,0.08593067397590709,0.010760181509717026,0.03627634528108682,0.08813709374890379,0.09983519634472184
udp,http,RSTR,0,8,91,0,0,0,0,0,0,0,0,0,0,0,0,0,0,0,0,2,3,0.024005234066288763,0.06286569465786317,0.028803759824948007,0.09990220961758642,0.9345228030796614,0.011748972384181433,0.008443834016470165,82,145,0.9647404456232179,0.09654186552262735,0.05207743484895108,0.011982306616488116,0.06761586216315281,0.015025094435881892,0.027867433766709238,0.04430306011760763
icmp,ftp_data,REJ,1,179,95,0,0,0,0,0,0,0,0,0,0,0,0,0,0,0,0,7,3,0.033417215710804686,0.07448767734879662,0.020128573943717677,0.07832542410794019,0.9386658179929166,0.08962351811247317,0.013646681567345754,56,116,0.9772505862924405,0.029715495806706904,0.07628967169973314,0.03472605656823085,0.07536601834826379,0.022214033132971545,0.07773540100302871,0.07301401144862928
icmp,http,REJ,0,70,313,0,0,0,0,0,0,0,0,0,0,0,0,0,0,0,0,8,9,0.02587087237974797,0.006815702223903797,0.0532415763875462,0.004438259083912666,0.9492931913662289,0.02390862566445581,0.05317456638366204,160,165,0.988265922884449,0.0014303983311975133,0.04862190914547432,0.08873426065892051,0.02013595198686624,0.09031639933506108,0.019883077428331175,0.018828786059813765
icmp,other,RSTR,0,74,27,0,0,0,0,0,0,0,0,0,0,0,0,0,0,0,0,5,7,0.012185406289250323,0.04195387858182691,0.028999917493277252,0.09049763942253995,0.9168131887787359,0.024874739393196343,0.051920097094567255,16,100,0.981691872121352,0.024147032120707436,0.09580667196304558,0.026324696342186718,0.09714691795223261,0.018973720767545166,0.006528542843550667,0.017288808136438984
icmp,http,S0,0,14,256,0,0,0,0,0,0,0,0,0,0,0,0,0,0,0,0,4,4,0.015611697779672763,0.015749514327840598,0.05656821112159388,0.029891671838661562,0.9720915292447433,0.060902650786943985,0.02941626005047071,32,23,0.9479032452526288,0.06477331462219453,0.08331203649468519,0.017580858743607243,0.0022059635123889976,0.004051774377651795,0.055101616656321,0.031102578172935935
udp,eco_i,RSTR,1,9,17,0,0,0,0,0,0,0,0,0,0,0,0,0,0,0,0,5,4,0.08417959932546536,0.06428525491208478,0.011168721068219223,0.03963308318833464,0.9305322718279982,0.07467200090326835,0.04802341372868371,254,101,0.9936820837609278,0.09852334162587767,0.056590581101289006,0.07546324270838387,0.01814694099610822,0.05650409208152668,0.02047752920393672,0.04517710216536256
tcp,eco_i,SH,1,112,7,0,0,0,0,0,0,0,0,0,0,0,0,0,0,0,0,4,9,0.001170854032940083,0.03573347655125575,0.05443899196647514,0.028337354268460114,0.9663602111706896,0.006115264458512848,0.06483600285510528,54,64,0.9880366767215983,0.05523802044220293,0.04560665515616094,0.06447644898323,0.06668870949590032,0.039027618158347266,0.060455776629957395,0.04655850779344161
tcp,http,RSTR,1,27,130,0,0,0,0,0,0,0,0,0,0,0,0,0,0,0,0,10,10,0.09755911849856211,0.09822892019737084,0.06762312354989052,0.09173571499121114,0.9747174885792899,0.01889962626519062,0.06732381858706438,19,165,0.9052881514037404,0.058319142439302134,0.034208522731574445,0.08149059029156595,0.04558867300134525,0.09173679724411725,0.008559249315157658,0.013219057529626788
udp,eco_d,SH,0,48,341,0,0,0,0,0,1,0,0,0,0,0,0,0,0,0,0,2,2,0.034829088051568334,0.038377123241044066,0.026359327867670125,0.030430053262661252,0.9442383001003324,0.03479294760266706,0.040886570417144025,171,175,0.986537375211646,0.025760305971575227,0.03379944123836274,0.06129058314399876,0.0472616917094335,0.03678632028205721,0.09344159222869941,0.02359622632637022
udp,ftp_data,REJ,1,131,149,0,0,0,0,0,0,0,0,0,0,0,0,0,0,0,0,5,2,0.013558800517478854,0.02457414806123718,0.07925068624255785,0.03933515542734505,0.9332301084701559,0.006633554980397838,0.06029818917369023,240,225,0.9965049918466415,0.009450685027999707,0.09174546560243804,0.06937619224160023,0.06215708703021307,0.09576183513151602,0.0903428392829611,0.0746430217988738
tcp,private,RSTR,0,6,62,0,0,0,0,0,1,0,0,0,0,0,0,0,0,0,0,7,2,0.05920730925130885,0.05961498133453524,0.08666600431414681,0.040534319378880836,0.9876975799890659,0.049790701600056934,0.005458094154097349,10,25,0.9027470745727982,0.09046171928738954,0.07582414635351857,0.049133575503593735,0.08873484280899269,0.06997191405651865,0.03642559699230457,0.08877581870531413
icmp,other,SH,3,30,394,0,0,0,0,0,0,0,0,0,0,0,0,0,0,0,0,5,3,0.07971272708599324,0.09281613516417567,0.09597753369614441,0.03743220984526863,0.9597091003043834,0.026212965368289123,0.09399400109011147,197,140,0.9817028100926867,0.06104413677061468,0.05964647316284258,0.03623386713344858,0.06698748519676527,0.04676423831576824,0.011857246687634972,0.0646914082441736
udp,ftp_data,REJ,0,184,566,0,0,0,0,0,0,0,0,0,0,0,0,0,0,0,0,4,7,0.019083540198629612,0.016238315717401152,0.019318853110090208,0.09785274117449068,0.9363949244437321,0.031042411362643674,0.03718695812718196,86,185,0.9342423583700102,0.09700755410127196,0.018028246193662667,0.07421090011720961,0.015536934252118863,0.05807695607887972,0.08798327732763589,0.045952934081254004
tcp,ftp_data,RSTR,1,81,35,0,0,0,0,0,0,0,0,0,0,0,0,0,0,0,0,3,3,0.06095403271313676,0.01398684145378646,0.08861113600615365,0.07298609860526216,0.9350687541098026,0.051134689380697956,0.04606483157522852,47,99,0.9521345071399466,0.01195492403909001,0.07562558151922924,0.07829952035572225,0.044103694643502944,0.07182290157744996,0.00890403910908556,0.08336062069259144
icmp,private,SF,0,32,46,0,0,0,0,0,0,0,0,0,0,0,0,0,0,0,0,6,3,0.07745201361061493,0.01366601063026508,0.013207034703868093,0.04218967486909861,0.9007944959594629,0.07598052617815354,0.05437351850340508,193,180,0.9637188878465428,0.031420940615421125,0.005835481743938831,0.04180962445733827,0.08019116171203036,0.07017531604958963,0.07493186371009479,0.06519087741997145
icmp,eco_i,RSTR,1,9,58,0,0,0,0,0,1,0,0,0,0,0,0,0,0,0,0,7,7,0.03246539405495171,0.08502866423684424,0.07631458257632993,0.09061007618066962,0.9670784270301993,0.07233455916257357,0.05188612185687002,55,31,0.9108500369038194,0.04492584573181923,0.03395091363457773,0.06320544627014504,0.07364780753439121,0.0022204544369253012,0.07276191364075915,0.08933124190464398
udp,http,SF,1,173,131,0,0,0,0,0,0,0,0,0,0,0,0,0,0,0,0,8,8,0.07204683284494917,0.026255638953079277,0.09064976531857094,0.08785021492232321,0.9147165276974525,0.09738388875110625,0.0987099904001804,246,132,0.9618154365306777,0.06017244038544417,0.01084854778374108,0.007975145038799859,0.018857551546670095,0.0786961190059444,0.04062095069263791,0.06964414754158448
tcp,ftp_data,SH,0,76,334,0,0,0,0,0,0,0,0,0,0,0,0,0,0,0,0,8,2,0.05277334171804311,0.08718876365704846,0.09690441399811406,0.01320895353977928,0.9844358119759768,0.07140087109389036,0.011527659088848775,59,138,0.9377510689528515,0.021075722903851957,0.007254664401500077,0.057825599657089846,0.06754551745702628,0.009852279019462085,0.06756301023771893,0.051390104884686344
icmp,eco_i,RSTR,2,168,122,0,0,0,0,0,0,0,0,0,0,0,0,0,0,0,0,1,6,0.09124328950772405,0.06916464266515726,0.03925839295615106,0.015670377958881522,0.9560171810842925,0.036210380015759526,0.03407231338634599,147,84,0.946233495939827,0.03805821908441971,0.007022373633097778,0.05417424331418694,0.040071280435705625,0.06575710402306474,0.0936909837547605,0.01901943043087081
icmp,ftp_data,S0,3,68,150,0,0,0,0,0,0,0,0,0,0,0,0,0,0,0,0,4,5,0.008032066657239267,0.024320472910794214,0.09131306201597439,0.031353247702984144,0.9943724662215208,0.0015568300404531612,0.056185341700448505,236,164,0.9731511310074847,0.07269100172742687,0.09813124630879173,0.08635882318362985,0.05661958062330988,0.07745771685980388,0.02587030933208395,0.09759030458832743
icmp,domain_u,SH,0,15,714,0,0,0,0,0,0,0,0,0,0,0,0,0,0,0,0,12,3,0.017157944957421713,0.006483712320016766,0.05012800104412485,0.009325536165115967,0.9364255756552498,0.04660975058126297,0.02006659277202463,47,143,0.9378019868526168,0.09253902874180686,0.07722882086365807,0.05617500555426394,0.018434349367634075,0.027036636582731012,0.09202457336151448,0.03885279253855757
icmp,ftp_data,RSTR,0,7,191,0,0,0,0,0,1,0,0,0,0,0,0,0,0,0,0,4,6,0.04717011836226803,0.08458444907932369,0.06339939151833217,0.027560919352565594,0.995306010134902,0.09592029044277516,0.06076084674741872,118,166,0.9088717082022327,0.07186141757307864,0.07362933480888904,0.06485164458160617,0.055744516421349935,0.06824456633859409,0.02831315734436181,0.007029721862029892
udp,domain_u,S0,0,24,61,0,0,0,0,0,0,0,0,0,0,0,0,0,0,0,0,3,8,0.010588777789426664,0.06954615092725597,0.046075184328895874,0.03919410190207511,0.9829202057592769,0.04216127250868712,0.04051967527434604,67,121,0.9926444661723749,0.02666985156023899,0.0034573537468504225,0.070773594462113,0.06685720621928022,0.04374391541754233,0.038721285314302134,0.06766647843774917
icmp,domain_u,SF,1,90,447,0,0,0,1,0,0,0,0,0,0,0,0,0,0,0,0,6,4,0.09109372961354514,0.07540546832022654,0.025220497737001038,0.078878611002991,0.9813603984135292,0.003315668006219552,0.010515900134272727,206,74,0.9829591879080353,0.07365208018725276,0.0926121150836837,0.08160679995126652,0.07311359348593742,0.08576276930718559,0.09039483262762732,0.04611563963003963
tcp,private,S0,0,3,271,0,0,0,0,0,0,0,0,0,0,0,0,0,0,0,0,7,3,0.0752811413911405,0.03320749941078619,0.057462786471448514,0.04938604384306368,0.9615952647057043,0.023050048534499934,0.09539590004574082,10,222,0.9262945393132318,0.017158613302199834,0.03776050611182892,0.05026854453111688,0.032658488163743525,0.035958532228234884,0.09210908808736952,0.07879149761871175
udp,domain_u,SH,1,82,7,0,0,0,0,0,0,0,0,0,0,0,0,0,0,0,0,6,2,0.019629286621885567,0.06891826028419423,0.09493311481300898,0.015450288715430905,0.9505980317116336,0.06386634673114366,0.07038315433076771,42,182,0.9899069679932425,0.03408423818768437,0.061579996191140865,0.057662178308330675,0.06318349617852313,0.021664269580664954,0.036271722047450765,0.01668289775897659
tcp,eco_i,REJ,2,33,227,0,0,0,0,0,0,0,0,0,0,0,0,0,0,0,0,6,9,0.07315896857644864,0.08970077562476288,0.004765076016069281,0.07750282910110012,0.9042572707550727,0.0017131631511622782,0.08110217128710132,22,195,0.952730334521576,0.07023705102860435,0.0049098432685726005,0.06922599008499963,0.04164160292929479,0.03389941108367178,0.023937358518423903,0.047406262966088325
icmp,http,SH,0,102,311,0,0,0,0,0,0,0,0,0,0,0,0,0,0,0,0,3,6,0.08535386672154033,0.012257273528557856,0.07101180854712834,0.06836896045603752,0.9114486659042504,0.08277876921371531,0.06229391811903756,101,13,0.9848864132463384,0.09381354506018899,0.016994844856463943,0.03189736559440237,0.08589518629961627,0.0528242995443496,0.0400055855199648,0.03405972137923257
